id,anio,trimestre,mes,no_registro,tipo_deuda,detalle_tipo_deuda,acreedor,concepto,inicio_credito,fin_credito,dias_contrato,dias_restantes_contrato,disposicion_inicial_credito,colocacion_periodo,amortizaciones_periodo,intereses_periodo,pago_servicio_deuda,saldo_periodo,endeudamiento_periodo,tasa,sobretasa,tasa_final
0,2018,4,Diciembre,145/2010,Largo Plazo,Mercado de Capitales,CI BANCO,BONO GDFCB 10-2,25/06/10,12/06/20,3640,529,2520951200,0,0,201367979.7,201367979.7,2520951200,0,7.9,,7.9
1,2018,4,Diciembre,224/2007,Largo Plazo,Banca Comercial,BANCOMER,"BANCOMER 3,457",30/08/07,27/07/37,10924,6783,3457974221,0,14809395.11,286096648.7,300906043.8,3389145884,-14809395.11,TIIE,0.35,TIIE+0.35
2,2018,4,Diciembre,225/2007,Largo Plazo,Banca Comercial,BANCOMER,BANCOMER 7000,31/08/07,27/08/40,12050,7910,7000000000,0,108919450.9,580949162.9,689868613.7,6371209229,-108919450.9,8.91,,8.91
3,2018,4,Diciembre,226/2007,Largo Plazo,Banca Comercial,BANCOMER,"BANCOMER 4,700",31/08/07,27/07/37,10923,6783,4700000000,0,20128593.44,401869662.7,421998256.2,4606450089,-20128593.44,8.8,,8.8
4,2018,4,Diciembre,513/2008,Largo Plazo,Banca de Desarrollo,BANOBRAS,"BANOBRAS  1,914",26/12/08,25/10/19,3955,298,1914680897,0,320373500.5,24450927.96,344824428.5,127743305,-320373500.5,TIIE,0.97,TIIE+0.97
5,2018,4,Diciembre,562/2010,Largo Plazo,Banca de Desarrollo,BANOBRAS,"BANOBRAS  1,499",28/12/10,25/10/40,10894,7969,1499069398,0,95833334.11,115783489.1,211616823.2,1199069398,-95833334.11,9.13,,9.13
6,2018,4,Diciembre,P09-0917056,Largo Plazo,Mercado de Capitales,EVERCORE,BONO GCDMXCB 17X,19/09/17,07/03/28,3822,3354,2000000000,0,0,153688888.9,153688888.9,2000000000,0,7.6,,7.6
7,2018,4,Diciembre,P09-1012161,Largo Plazo,Bonos Cupón Cero,BANOBRAS,"BANOBRAS 2,138",12/11/12,25/11/32,7318,5078,2138648319,0,0,172817635.9,172817635.9,2138648319,0,7.09,0.88,7.97
8,2018,4,Diciembre,P09-1113146,Largo Plazo,Mercado de Capitales,EVERCORE,BONO GDFECB 13,28/11/13,16/11/23,3640,1781,2126874900,0,0,151610732.5,151610732.5,2126874900,0,7.05,,7.05
9,2018,4,Diciembre,P09-1213198,Largo Plazo,Banca Comercial,BANAMEX,"BANAMEX 3,500",31/12/13,26/12/23,3647,1821,3500000000,0,437500000.1,142669512.1,580169512.2,2187500000,-437500000.1,5.74,,5.74
10,2018,4,Diciembre,P09-1214242,Largo Plazo,Banca Comercial,BANCOMER,BANCOMER 2500,26/12/14,26/12/24,3653,2187,2500000000,0,312500000,119142795.1,431642795.2,1875000000,-312500000,5.75,,5.75
11,2018,4,Diciembre,P09-1215163,Largo Plazo,Banca Comercial,SANTANDER,"SANTANDER 3,500",30/12/15,26/12/22,2553,1456,3500000000,0,700000000,268178084.9,968178084.8,2800000000,-700000000,TIIE,0.38,TIIE+0.38
12,2018,4,Diciembre,P09-1216082,Largo Plazo,Banca Comercial,BANCOMER,"BANCOMER 3,000-15",30/12/16,26/12/31,5474,4743,3000000000,0,214285714.3,241805000,456090714.3,2785714286,-214285714.3,8.22,,8.22
13,2018,4,Diciembre,P09-1216083,Largo Plazo,Banca Comercial,BANCOMER,"BANCOMER 3,000-7",30/12/16,26/12/23,2552,1821,3000000000,0,500000000,214275833.3,714275833.4,2500000000,-500000000,7.63,,7.63
14,2018,4,Diciembre,P09-1217134,Largo Plazo,Banca de Desarrollo,BANOBRAS,"BANOBRAS 1,378",29/12/17,27/12/32,5477,5110,1378859929,0,91923995.28,111279161.8,203203157.1,1286935934,-91923995.28,TIIE,0.34,TIIE+0.34
15,2018,4,Diciembre,P09-1218140,Largo Plazo,Banca Comercial,BANCOMER,"BANCOMER 3,000-18",31/12/18,26/12/28,3648,3648,3000000000,3000000000,0,0,0,3000000000,3000000000,9.12,,9.12
16,2018,4,Diciembre,233/2007,Largo Plazo,Banca Comercial,HSBC,"HSBC 7,000",07/09/07,25/09/47,14628,10495,7000000000,0,0,602267886.1,602267886.1,7000000000,0,TIIE,0.53,TIIE+0.53
17,2018,4,Diciembre,261/2007,Largo Plazo,Banca de Desarrollo,BANOBRAS,"BANOBRAS  4,459",17/10/07,25/10/40,12062,7969,4459000000,0,31070327.46,359859863,390930190.5,4265863281,-31070327.46,TIIE,0.35,TIIE+0.35
18,2018,4,Diciembre,329/2007,Largo Plazo,Mercado de Capitales,CI BANCO,BONO GDFCB 07,17/12/07,22/11/27,7280,3248,575000000,0,0,50290138.88,50290138.88,575000000,0,8.65,,8.65
19,2018,4,Diciembre,P09-0915121,Largo Plazo,Mercado de Capitales,EVERCORE,BONO GDFECB 15,25/09/15,18/09/20,1820,627,1382000000,0,0,112239897.8,114916371.1,1382000000,0,TIIE,0.12,TIIE+0.12
20,2018,4,Diciembre,P09-1012161,Largo Plazo,Bonos Cupón Cero,BANOBRAS,BANOBRAS 294,30/11/12,25/11/32,7300,5078,294874160,0,0,23618601.14,23618601.14,294874160,0,7.02,0.88,7.9
21,2018,4,Diciembre,P09-1014157,Largo Plazo,Mercado de Capitales,EVERCORE,BONO GDFECB 14,03/11/14,21/10/24,3640,2121,2500000000,0,0,162283333.3,162729166.7,2500000000,0,6.42,,6.42
22,2018,4,Diciembre,P09-1213189,Largo Plazo,Banca de Desarrollo,BANOBRAS,"BANOBRAS 1,024",31/12/13,25/10/23,3585,1759,1024317877,0,123317629.2,68849419.7,192167048.9,753461598.2,-123317629.2,TIIE,0.32,TIIE+0.32
23,2018,4,Diciembre,P09-1216054,Largo Plazo,Mercado de Capitales,EVERCORE,BONO GCDMXCB 16V,09/12/16,03/12/21,1820,1068,1000000000,0,0,84037222.2,87528055.51,1000000000,0,TIIE,0.42,TIIE+0.42
24,2018,4,Diciembre,P09-1217133,Largo Plazo,Banca Comercial,HSBC,"HSBC 2,500",29/12/17,26/12/24,2554,2187,2500000000,0,357142857.1,175102777.8,532245634.9,2142857143,-357142857.1,7.46,,7.46
25,2018,4,Diciembre,260/2007,Largo Plazo,Banca de Desarrollo,BANOBRAS,"BANOBRAS  4,806",17/10/07,26/10/37,10967,6874,4806995489,0,19520976.19,396458617.8,415979594,4704659826,-19520976.19,TIIE,0.35,TIIE+0.35
26,2018,4,Diciembre,262/2007,Largo Plazo,Banca de Desarrollo,BANOBRAS,"BANOBRAS 4,000",17/10/07,25/10/47,14618,10525,4000000000,0,0,343610222.2,343610222.2,4000000000,0,TIIE,0.53,TIIE+0.53
27,2018,4,Diciembre,514/2008,Largo Plazo,Banca de Desarrollo,BANOBRAS,BANOBRAS  175,24/12/09,27/11/28,6913,3619,174978799.6,0,9687716.64,8511421.21,18199137.85,96069856.37,-9687716.64,TIIE,0.35,TIIE+0.35
28,2018,4,Diciembre,721/2011,Largo Plazo,Banca Comercial,BANAMEX,"BANAMEX 1,500",29/12/11,28/12/26,5478,2919,1500000000,0,80838324,65883142.04,146721466,1014970056,-80838324,TIIE,TIIE-1.815,TIIE+TIIE-1.815
29,2018,4,Diciembre,P09-0915121,Largo Plazo,Mercado de Capitales,EVERCORE,BONO GDFECB 15-2,25/09/15,12/09/25,3640,2447,2500000000,0,0,169361111.1,169361111.1,2500000000,0,6.7,,6.7
30,2018,4,Diciembre,P09-1012161,Largo Plazo,Bonos Cupón Cero,BANOBRAS,BANOBRAS 196,07/11/13,25/11/32,6958,5078,196783977,0,0,17118566.15,17118566.15,196783977,0,7.7,0.88,8.58
31,2018,4,Diciembre,P09-1112186,Largo Plazo,Mercado de Capitales,EVERCORE,BONO GDFECB 12,30/11/12,12/11/27,5460,3238,2500000000,0,0,173152777.8,173152777.8,2500000000,0,6.85,,6.85
32,2018,4,Diciembre,P09-1118104,Largo Plazo,Mercado de Capitales,EVERCORE,BONO GCDMXCB 18V,21/11/18,08/11/28,3640,3600,1100000000,1100000000,0,0,55221833.33,1100000000,1100000000,9.93,,9.93
33,2018,4,Diciembre,P09-1212219,Largo Plazo,Banca de Desarrollo,BANOBRAS,"BANOBRAS 1,954",28/12/12,25/11/27,5445,3251,1954226708,0,140423476.1,92628369.66,233051845.7,1252109328,-140423476.1,5.97,0.91,6.88
34,2018,4,Diciembre,P09-1212219,Largo Plazo,Banca de Desarrollo,BANOBRAS,BANOBRAS 145,31/12/12,25/11/27,5442,3251,145773291.7,0,10474727.52,6899463.73,17374191.25,93399654.14,-10474727.52,5.96,0.91,6.87
35,2018,4,Diciembre,P09-1214244,Largo Plazo,Banca de Desarrollo,BANOBRAS,"BANOBRAS 1,949",31/12/14,26/11/29,5444,3983,1949386371,0,150920235.2,145459606.2,296379841.4,1647545901,-150920235.2,TIIE,0.36,TIIE+0.36
36,2018,4,Diciembre,P09-1215162,Largo Plazo,Banca de Desarrollo,BANOBRAS,"BANOBRAS 1,000",29/12/15,26/12/25,3650,2552,1000000000,0,55555555.56,74581229.21,130136784.8,851069383.6,-55555555.56,TIIE,0.41,TIIE+0.41
37,2018,4,Diciembre,P09-1218138,Largo Plazo,Banca Comercial,SANTANDER,"SANTANDER 2,400",31/12/18,26/12/28,3648,3648,2400000000,2400000000,0,0,0,2400000000,2400000000,9.55,,9.55
38,2018,4,Diciembre,P09-1218139,Largo Plazo,Banca Comercial,HSBC,"HSBC 1,170",31/12/18,26/12/28,3648,3648,1170915400,1170915400,0,0,0,1170915400,1170915400,9.67,,9.67
39,2019,1,Marzo,226/2007,Largo Plazo,Banca Comercial,BANCOMER,"BANCOMER 4,700",31/08/07,27/07/37,10923,6693,4700000000,0,5701204.94,101086617.8,106787822.7,4600748884,-5701204.94,8.8,,8.8
40,2019,1,Marzo,260/2007,Largo Plazo,Banca de Desarrollo,BANOBRAS,"BANOBRAS  4,806",17/10/07,26/10/37,10967,6784,4806995489,0,5529106.05,103669736.1,109198842.1,4699130720,-5529106.05,TIIE,0.35,TIIE+0.35
41,2019,1,Marzo,261/2007,Largo Plazo,Banca de Desarrollo,BANOBRAS,"BANOBRAS  4,459",17/10/07,25/10/40,12062,7879,4459000000,0,8424811.23,93913013.59,102337824.8,4257438470,-8424811.23,TIIE,0.35,TIIE+0.35
42,2019,1,Marzo,P09-0915121,Largo Plazo,Mercado de Capitales,EVERCORE,BONO GDFECB 15,25/09/15,18/09/20,1820,537,1382000000,0,0,27839622.22,29129488.87,1382000000,0,TIIE,0.12,TIIE+0.12
43,2019,1,Marzo,P09-1012161,Largo Plazo,Bonos Cupón Cero,BANOBRAS,BANOBRAS 196,07/11/13,25/11/32,6958,4988,196783977,0,0,4174116.13,4174116.13,196783977,0,7.7,0.88,8.58
44,2019,1,Marzo,P09-1014157,Largo Plazo,Mercado de Capitales,EVERCORE,BONO GDFECB 14,03/11/14,21/10/24,3640,2031,2500000000,0,0,0,0,2500000000,0,6.42,,6.42
45,2019,1,Marzo,P09-1112186,Largo Plazo,Mercado de Capitales,EVERCORE,BONO GDFECB 12,30/11/12,12/11/27,5460,3148,2500000000,0,0,0,0,2500000000,0,6.85,,6.85
46,2019,1,Marzo,P09-1212219,Largo Plazo,Banca de Desarrollo,BANOBRAS,BANOBRAS 145,31/12/12,25/11/27,5442,3161,145773291.7,0,2618681.88,1571823.07,4190504.95,90780972.26,-2618681.88,5.96,0.91,6.87
47,2019,1,Marzo,P09-1214244,Largo Plazo,Banca de Desarrollo,BANOBRAS,"BANOBRAS 1,949",31/12/14,26/11/29,5444,3893,1949386371,0,37730058.81,36087893.56,73817952.37,1609815842,-37730058.81,TIIE,0.36,TIIE+0.36
48,2019,1,Marzo,P09-1215162,Largo Plazo,Banca de Desarrollo,BANOBRAS,"BANOBRAS 1,000",29/12/15,26/12/25,3650,2462,1000000000,0,13888888.89,18786744.24,32675633.13,837180494.8,-13888888.89,TIIE,0.41,TIIE+0.41
49,2019,1,Marzo,P09-1216054,Largo Plazo,Mercado de Capitales,EVERCORE,BONO GCDMXCB 16V,09/12/16,03/12/21,1820,978,1000000000,0,0,27805555.56,28785555.57,1000000000,0,TIIE,0.42,TIIE+0.42
50,2019,1,Marzo,P09-1216083,Largo Plazo,Banca Comercial,BANCOMER,"BANCOMER 3,000-7",30/12/16,26/12/23,2552,1731,3000000000,0,125000000,46389340.27,171389340.3,2375000000,-125000000,7.63,,7.63
51,2019,1,Marzo,P09-1217133,Largo Plazo,Banca Comercial,HSBC,"HSBC 2,500",29/12/17,26/12/24,2554,2097,2500000000,0,89285714.28,38983680.55,128269394.8,2053571429,-89285714.28,7.46,,7.46
52,2019,2,Junio,225/2007,Largo Plazo,Banca Comercial,BANCOMER,BANCOMER 7000,31/08/07,27/08/40,12050,7729,7000000000,0,29119959.16,144212999.7,173332958.9,6313524231,-29119959.16,8.91,,8.91
53,2019,2,Junio,226/2007,Largo Plazo,Banca Comercial,BANCOMER,"BANCOMER 4,700",31/08/07,27/07/37,10923,6602,4700000000,0,5996937.34,104362457.6,110359394.9,4594751946,-5996937.34,8.8,,8.8
54,2019,2,Junio,233/2007,Largo Plazo,Banca Comercial,HSBC,"HSBC 7,000",07/09/07,25/09/47,14628,10314,7000000000,0,0,161654305.6,161654305.6,7000000000,0,TIIE,0.53,TIIE+0.53
55,2019,2,Junio,262/2007,Largo Plazo,Banca de Desarrollo,BANOBRAS,"BANOBRAS 4,000",17/10/07,25/10/47,14618,10344,4000000000,0,0,92347633.34,92347633.34,4000000000,0,TIIE,0.53,TIIE+0.53
56,2019,2,Junio,721/2011,Largo Plazo,Banca Comercial,BANAMEX,"BANAMEX 1,500",29/12/11,28/12/26,5478,2738,1500000000,0,20209581,16901387.21,37110968.21,974550894,-20209581,TIIE,TIIE-1.815,TIIE+TIIE-1.815
57,2019,2,Junio,P09-0915121,Largo Plazo,Mercado de Capitales,EVERCORE,BONO GDFECB 15,25/09/15,18/09/20,1820,446,1382000000,0,230333333.3,37105164.44,267470744.5,1151666667,-230333333.3,TIIE,0.12,TIIE+0.12
58,2019,2,Junio,P09-0915121,Largo Plazo,Mercado de Capitales,EVERCORE,BONO GDFECB 15-2,25/09/15,12/09/25,3640,2266,2500000000,0,0,0,0,2500000000,0,6.7,,6.7
59,2019,2,Junio,P09-1012161,Largo Plazo,Bonos Cupón Cero,BANOBRAS,BANOBRAS 196,07/11/13,25/11/32,6958,4897,196783977,0,0,4314816.67,4314816.67,196783977,0,7.7,0.88,8.58
60,2019,2,Junio,P09-1012161,Largo Plazo,Bonos Cupón Cero,BANOBRAS,"BANOBRAS 2,138",12/11/12,25/11/32,7318,4897,2138648319,0,0,43559513.72,43559513.72,2138648319,0,7.09,0.88,7.97
61,2019,2,Junio,P09-1012161,Largo Plazo,Bonos Cupón Cero,BANOBRAS,BANOBRAS 294,30/11/12,25/11/32,7300,4897,294874160,0,0,5953181.66,5953181.66,294874160,0,7.02,0.88,7.9
62,2019,2,Junio,P09-1112186,Largo Plazo,Mercado de Capitales,EVERCORE,BONO GDFECB 12,30/11/12,12/11/27,5460,3057,2500000000,0,0,86576388.89,86576388.89,2500000000,0,6.85,,6.85
63,2019,2,Junio,P09-1213198,Largo Plazo,Banca Comercial,BANAMEX,"BANAMEX 3,500",31/12/13,26/12/23,3647,1640,3500000000,0,109375000,32611037.62,141986037.6,1968750000,-109375000,5.74,,5.74
64,2019,2,Junio,P09-1214242,Largo Plazo,Banca Comercial,BANCOMER,BANCOMER 2500,26/12/14,26/12/24,3653,2006,2500000000,0,78125000.01,26029730.91,104154730.9,1718750000,-78125000.01,5.75,,5.75
65,2019,2,Junio,P09-1215162,Largo Plazo,Banca de Desarrollo,BANOBRAS,"BANOBRAS 1,000",29/12/15,26/12/25,3650,2371,1000000000,0,13888888.89,18968033.17,32856922.06,823291605.9,-13888888.89,TIIE,0.41,TIIE+0.41
66,2019,2,Junio,P09-1216054,Largo Plazo,Mercado de Capitales,EVERCORE,BONO GCDMXCB 16V,09/12/16,03/12/21,1820,887,1000000000,0,0,20821111.12,20821111.12,1000000000,0,TIIE,0.42,TIIE+0.42
67,2019,2,Junio,P09-1217133,Largo Plazo,Banca Comercial,HSBC,"HSBC 2,500",29/12/17,26/12/24,2554,2006,2500000000,0,89285714.28,38595138.89,127880853.2,1964285714,-89285714.28,7.46,,7.46
68,2019,2,Junio,P09-1218138,Largo Plazo,Banca Comercial,SANTANDER,"SANTANDER 2,400",31/12/18,26/12/28,3648,3467,2400000000,0,0,58573333.33,58573333.33,2400000000,0,9.55,,9.55
69,2019,3,Septiembre,145/2010,Largo Plazo,Mercado de Capitales,CI BANCO,BONO GDFCB 10-2,25/06/10,12/06/20,3640,256,2520951200,0,0,0,0,2520951200,0,7.9,,7.9
70,2019,3,Septiembre,224/2007,Largo Plazo,Banca Comercial,BANCOMER,"BANCOMER 3,457",30/08/07,27/07/37,10924,6510,3457974221,0,4641050.16,75726143.29,80367193.45,3375898052,-4641050.16,TIIE,0.35,TIIE+0.35
71,2019,3,Septiembre,226/2007,Largo Plazo,Banca Comercial,BANCOMER,"BANCOMER 4,700",31/08/07,27/07/37,10923,6510,4700000000,0,6308009.96,104223062.9,110531072.9,4588443936,-6308009.96,8.8,,8.8
72,2019,3,Septiembre,329/2007,Largo Plazo,Mercado de Capitales,CI BANCO,BONO GDFCB 07,17/12/07,22/11/27,7280,2975,575000000,0,0,0,0,575000000,0,8.65,,8.65
73,2019,3,Septiembre,513/2008,Largo Plazo,Banca de Desarrollo,BANOBRAS,"BANOBRAS  1,914",26/12/08,25/10/19,3955,25,1914680897,0,51097322.01,403409.1,51500731.11,0,-51097322.01,TIIE,0.97,TIIE+0.97
74,2019,3,Septiembre,562/2010,Largo Plazo,Banca de Desarrollo,BANOBRAS,"BANOBRAS  1,499",28/12/10,25/10/40,10894,7696,1499069398,0,9027777.9,27485464.7,36513242.6,1171986064,-9027777.9,9.13,,9.13
75,2019,3,Septiembre,P09-0917056,Largo Plazo,Mercado de Capitales,EVERCORE,BONO GCDMXCB 17X,19/09/17,07/03/28,3822,3081,2000000000,0,0,76844444.44,76844444.44,2000000000,0,7.6,,7.6
76,2019,3,Septiembre,P09-1118104,Largo Plazo,Mercado de Capitales,EVERCORE,BONO GCDMXCB 18V,21/11/18,08/11/28,3640,3327,1100000000,0,0,0,0,1100000000,0,9.93,,9.93
77,2019,3,Septiembre,P09-1212219,Largo Plazo,Banca de Desarrollo,BANOBRAS,"BANOBRAS 1,954",28/12/12,25/11/27,5445,2978,1954226708,0,35105869.02,20574639.68,55680508.7,1146791721,-35105869.02,5.97,0.91,6.88
78,2019,3,Septiembre,P09-1212219,Largo Plazo,Banca de Desarrollo,BANOBRAS,BANOBRAS 145,31/12/12,25/11/27,5442,2978,145773291.7,0,2618681.88,1532510.84,4151192.72,85543608.5,-2618681.88,5.96,0.91,6.87
79,2019,3,Septiembre,P09-1213189,Largo Plazo,Banca de Desarrollo,BANOBRAS,"BANOBRAS 1,024",31/12/13,25/10/23,3585,1486,1024317877,0,38703850.98,14814894.77,53518745.75,637350045.2,-38703850.98,TIIE,0.32,TIIE+0.32
80,2019,3,Septiembre,P09-1213198,Largo Plazo,Banca Comercial,BANAMEX,"BANAMEX 3,500",31/12/13,26/12/23,3647,1548,3500000000,0,109375000,30405445.89,139780445.9,1859375000,-109375000,5.74,,5.74
81,2019,3,Septiembre,P09-1214242,Largo Plazo,Banca Comercial,BANCOMER,BANCOMER 2500,26/12/14,26/12/24,3653,1914,2500000000,0,78125000.01,24873408.56,102998408.6,1640625000,-78125000.01,5.75,,5.75
82,2019,3,Septiembre,P09-1215162,Largo Plazo,Banca de Desarrollo,BANOBRAS,"BANOBRAS 1,000",29/12/15,26/12/25,3650,2279,1000000000,0,13888888.89,18475159.6,32364048.49,809402717,-13888888.89,TIIE,0.41,TIIE+0.41
83,2019,3,Septiembre,P09-1215163,Largo Plazo,Banca Comercial,SANTANDER,"SANTANDER 3,500",30/12/15,26/12/22,2553,1183,3500000000,0,175000000,53792987.5,228792987.5,2275000000,-175000000,TIIE,0.38,TIIE+0.38
84,2019,3,Septiembre,P09-1216083,Largo Plazo,Banca Comercial,BANCOMER,"BANCOMER 3,000-7",30/12/16,26/12/23,2552,1548,3000000000,0,125000000,43060046.3,168060046.3,2125000000,-125000000,7.63,,7.63
85,2019,3,Septiembre,P09-1217133,Largo Plazo,Banca Comercial,HSBC,"HSBC 2,500",29/12/17,26/12/24,2554,1914,2500000000,0,89285714.28,36880621.69,126166336,1875000000,-89285714.28,7.46,,7.46
86,2019,3,Septiembre,P09-1217134,Largo Plazo,Banca de Desarrollo,BANOBRAS,"BANOBRAS 1,378",29/12/17,27/12/32,5477,4837,1378859929,0,22980998.82,27612315.69,50593314.51,1217992937,-22980998.82,TIIE,0.34,TIIE+0.34
87,2019,3,Septiembre,P09-1218138,Largo Plazo,Banca Comercial,SANTANDER,"SANTANDER 2,400",31/12/18,26/12/28,3648,3375,2400000000,0,0,58573333.33,58573333.33,2400000000,0,9.55,,9.55
88,2019,3,Septiembre,P09-1218139,Largo Plazo,Banca Comercial,HSBC,"HSBC 1,170",31/12/18,26/12/28,3648,3375,1170915400,0,0,28935921.56,28935921.56,1170915400,0,9.67,,9.67
89,2019,4,Diciembre,233/2007,Largo Plazo,Banca Comercial,HSBC,"HSBC 7,000",07/09/07,25/09/47,14628,10130,7000000000,0,0,631507586.1,631507586.1,7000000000,0,TIIE,0.53,TIIE+0.53
90,2019,4,Diciembre,261/2007,Largo Plazo,Banca de Desarrollo,BANOBRAS,"BANOBRAS  4,459",17/10/07,25/10/40,12062,7604,4459000000,0,35420169.89,375400961,410821130.9,4230443111,-35420169.89,TIIE,0.35,TIIE+0.35
91,2019,4,Diciembre,514/2008,Largo Plazo,Banca de Desarrollo,BANOBRAS,BANOBRAS  175,24/12/09,27/11/28,6913,3254,174978799.6,0,9687716.64,8102993.51,17790710.15,86382139.73,-9687716.64,TIIE,0.35,TIIE+0.35
92,2019,4,Diciembre,P09-0915121,Largo Plazo,Mercado de Capitales,EVERCORE,BONO GDFECB 15,25/09/15,18/09/20,1820,262,1382000000,0,0,118796720,120118833.3,460666666.6,0,TIIE,0.12,TIIE+0.12
93,2019,4,Diciembre,P09-0915121,Largo Plazo,Mercado de Capitales,EVERCORE,BONO GDFECB 15-2,25/09/15,12/09/25,3640,2082,2500000000,0,0,169361111.1,169361111.1,2500000000,0,6.7,,6.7
94,2019,4,Diciembre,P09-0917056,Largo Plazo,Mercado de Capitales,EVERCORE,BONO GCDMXCB 17X,19/09/17,07/03/28,3822,2989,2000000000,0,0,153688888.9,153688888.9,2000000000,0,7.6,,7.6
95,2019,4,Diciembre,P09-1012161,Largo Plazo,Bonos Cupón Cero,BANOBRAS,"BANOBRAS 2,138",12/11/12,25/11/32,7318,4713,2138648319,0,0,172817636,172817636,2138648319,0,7.09,0.88,7.97
96,2019,4,Diciembre,P09-1112186,Largo Plazo,Mercado de Capitales,EVERCORE,BONO GDFECB 12,30/11/12,12/11/27,5460,2873,2500000000,0,0,173152777.8,173152777.8,2500000000,0,6.85,,6.85
97,2019,4,Diciembre,P09-1118104,Largo Plazo,Mercado de Capitales,EVERCORE,BONO GCDMXCB 18V,21/11/18,08/11/28,3640,3235,1100000000,0,0,110443666.7,110443666.7,1100000000,0,9.93,,9.93
98,2019,4,Diciembre,P09-1212219,Largo Plazo,Banca de Desarrollo,BANOBRAS,"BANOBRAS 1,954",28/12/12,25/11/27,5445,2886,1954226708,0,140423476.1,82828579.31,223252055.4,1111685852,-140423476.1,5.97,0.91,6.88
99,2019,4,Diciembre,P09-1212219,Largo Plazo,Banca de Desarrollo,BANOBRAS,BANOBRAS 145,31/12/12,25/11/27,5442,2886,145773291.7,0,10474727.52,6169522.16,16644249.68,82924926.62,-10474727.52,5.96,0.91,6.87
100,2019,4,Diciembre,P09-1213189,Largo Plazo,Banca de Desarrollo,BANOBRAS,"BANOBRAS 1,024",31/12/13,25/10/23,3585,1394,1024317877,0,139682131.6,60234653.17,199916784.8,613779466.6,-139682131.6,TIIE,0.32,TIIE+0.32
101,2019,4,Diciembre,P09-1215162,Largo Plazo,Banca de Desarrollo,BANOBRAS,"BANOBRAS 1,000",29/12/15,26/12/25,3650,2187,1000000000,0,55555555.56,73499117.06,129054672.6,795513828.1,-55555555.56,TIIE,0.41,TIIE+0.41
102,2019,4,Diciembre,P09-1215163,Largo Plazo,Banca Comercial,SANTANDER,"SANTANDER 3,500",30/12/15,26/12/22,2553,1091,3500000000,0,700000000,220185748,920185747.9,2100000000,-700000000,TIIE,0.38,TIIE+0.38
103,2019,4,Diciembre,P09-1216054,Largo Plazo,Mercado de Capitales,EVERCORE,BONO GCDMXCB 16V,09/12/16,03/12/21,1820,703,1000000000,0,0,89156666.68,90160000.03,1000000000,0,TIIE,0.42,TIIE+0.42
104,2019,4,Diciembre,P09-1216083,Largo Plazo,Banca Comercial,BANCOMER,"BANCOMER 3,000-7",30/12/16,26/12/23,2552,1456,3000000000,0,500000000,175578310.2,675578310.2,2000000000,-500000000,7.63,,7.63
105,2019,4,Diciembre,P09-1218140,Largo Plazo,Banca Comercial,BANCOMER,"BANCOMER 3,000-18",31/12/18,26/12/28,3648,3283,3000000000,0,0,273600000,273600000,3000000000,0,9.12,,9.12
106,2019,1,Marzo,145/2010,Largo Plazo,Mercado de Capitales,CI BANCO,BONO GDFCB 10-2,25/06/10,12/06/20,3640,439,2520951200,0,0,0,0,2520951200,0,7.9,,7.9
107,2019,1,Marzo,513/2008,Largo Plazo,Banca de Desarrollo,BANOBRAS,"BANOBRAS  1,914",26/12/08,25/10/19,3955,208,1914680897,0,38322991.5,2717520.93,41040512.43,89420313.51,-38322991.5,TIIE,0.97,TIIE+0.97
108,2019,1,Marzo,514/2008,Largo Plazo,Banca de Desarrollo,BANOBRAS,BANOBRAS  175,24/12/09,27/11/28,6913,3529,174978799.6,0,2421929.16,2100367.02,4522296.18,93647927.21,-2421929.16,TIIE,0.35,TIIE+0.35
109,2019,1,Marzo,562/2010,Largo Plazo,Banca de Desarrollo,BANOBRAS,"BANOBRAS  1,499",28/12/10,25/10/40,10894,7879,1499069398,0,9027778.37,26998264.89,36026043.26,1190041620,-9027778.37,9.13,,9.13
110,2019,1,Marzo,721/2011,Largo Plazo,Banca Comercial,BANAMEX,"BANAMEX 1,500",29/12/11,28/12/26,5478,2829,1500000000,0,20209581,16844205.59,37053786.59,994760475,-20209581,TIIE,TIIE-1.815,TIIE+TIIE-1.815
111,2019,1,Marzo,P09-0917056,Largo Plazo,Mercado de Capitales,EVERCORE,BONO GCDMXCB 17X,19/09/17,07/03/28,3822,3264,2000000000,0,0,76844444.44,76844444.44,2000000000,0,7.6,,7.6
112,2019,1,Marzo,P09-1012161,Largo Plazo,Bonos Cupón Cero,BANOBRAS,BANOBRAS 294,30/11/12,25/11/32,7300,4988,294874160,0,0,5759056.18,5759056.18,294874160,0,7.02,0.88,7.9
113,2019,1,Marzo,P09-1118104,Largo Plazo,Mercado de Capitales,EVERCORE,BONO GCDMXCB 18V,21/11/18,08/11/28,3640,3510,1100000000,0,0,0,0,1100000000,0,9.93,,9.93
114,2019,1,Marzo,P09-1213189,Largo Plazo,Banca de Desarrollo,BANOBRAS,"BANOBRAS 1,024",31/12/13,25/10/23,3585,1669,1024317877,0,38703850.98,16276439.72,54980290.7,714757747.2,-38703850.98,TIIE,0.32,TIIE+0.32
115,2019,1,Marzo,P09-1217134,Largo Plazo,Banca de Desarrollo,BANOBRAS,"BANOBRAS 1,378",29/12/17,27/12/32,5477,5020,1378859929,0,22980998.82,28172466.96,51153465.78,1263954935,-22980998.82,TIIE,0.34,TIIE+0.34
116,2019,1,Marzo,P09-1218139,Largo Plazo,Banca Comercial,HSBC,"HSBC 1,170",31/12/18,26/12/28,3648,3558,1170915400,0,0,26419754.46,26419754.46,1170915400,0,9.67,,9.67
117,2019,2,Junio,224/2007,Largo Plazo,Banca Comercial,BANCOMER,"BANCOMER 3,457",30/08/07,27/07/37,10924,6602,3457974221,0,4412181.86,76581015.11,80993196.97,3380539102,-4412181.86,TIIE,0.35,TIIE+0.35
118,2019,2,Junio,260/2007,Largo Plazo,Banca de Desarrollo,BANOBRAS,"BANOBRAS  4,806",17/10/07,26/10/37,10967,6693,4806995489,0,5815912.5,106284391,112100303.5,4693314808,-5815912.5,TIIE,0.35,TIIE+0.35
119,2019,2,Junio,514/2008,Largo Plazo,Banca de Desarrollo,BANOBRAS,BANOBRAS  175,24/12/09,27/11/28,6913,3438,174978799.6,0,2421929.16,2101098.58,4523027.74,91225998.05,-2421929.16,TIIE,0.35,TIIE+0.35
120,2019,2,Junio,P09-0917056,Largo Plazo,Mercado de Capitales,EVERCORE,BONO GCDMXCB 17X,19/09/17,07/03/28,3822,3173,2000000000,0,0,0,0,2000000000,0,7.6,,7.6
121,2019,2,Junio,P09-1014157,Largo Plazo,Mercado de Capitales,EVERCORE,BONO GDFECB 14,03/11/14,21/10/24,3640,1940,2500000000,0,0,81141666.67,81141666.67,2500000000,0,6.42,,6.42
122,2019,2,Junio,P09-1113146,Largo Plazo,Mercado de Capitales,EVERCORE,BONO GDFECB 13,28/11/13,16/11/23,3640,1600,2126874900,0,0,75805366.23,75805366.23,2126874900,0,7.05,,7.05
123,2019,2,Junio,P09-1118104,Largo Plazo,Mercado de Capitales,EVERCORE,BONO GCDMXCB 18V,21/11/18,08/11/28,3640,3419,1100000000,0,0,55221833.33,55221833.33,1100000000,0,9.93,,9.93
124,2019,2,Junio,P09-1212219,Largo Plazo,Banca de Desarrollo,BANOBRAS,BANOBRAS 145,31/12/12,25/11/27,5442,3070,145773291.7,0,2618681.88,1578819.31,4197501.19,88162290.38,-2618681.88,5.96,0.91,6.87
125,2019,2,Junio,P09-1213189,Largo Plazo,Banca de Desarrollo,BANOBRAS,"BANOBRAS 1,024",31/12/13,25/10/23,3585,1578,1024317877,0,38703850.98,15833442.55,54537293.53,676053896.2,-38703850.98,TIIE,0.32,TIIE+0.32
126,2019,2,Junio,P09-1214244,Largo Plazo,Banca de Desarrollo,BANOBRAS,"BANOBRAS 1,949",31/12/14,26/11/29,5444,3802,1949386371,0,37730058.81,36187678.66,73917737.47,1572085783,-37730058.81,TIIE,0.36,TIIE+0.36
127,2019,2,Junio,P09-1218139,Largo Plazo,Banca Comercial,HSBC,"HSBC 1,170",31/12/18,26/12/28,3648,3467,1170915400,0,0,28935921.56,28935921.56,1170915400,0,9.67,,9.67
128,2019,2,Junio,P09-1218140,Largo Plazo,Banca Comercial,BANCOMER,"BANCOMER 3,000-18",31/12/18,26/12/28,3648,3467,3000000000,0,0,69920000,69920000,3000000000,0,9.12,,9.12
129,2019,3,Septiembre,233/2007,Largo Plazo,Banca Comercial,HSBC,"HSBC 7,000",07/09/07,25/09/47,14628,10222,7000000000,0,0,160094666.7,160094666.7,7000000000,0,TIIE,0.53,TIIE+0.53
130,2019,3,Septiembre,260/2007,Largo Plazo,Banca de Desarrollo,BANOBRAS,"BANOBRAS  4,806",17/10/07,26/10/37,10967,6601,4806995489,0,6117591.77,105146981.3,111264573,4687197216,-6117591.77,TIIE,0.35,TIIE+0.35
131,2019,3,Septiembre,262/2007,Largo Plazo,Banca de Desarrollo,BANOBRAS,"BANOBRAS 4,000",17/10/07,25/10/47,14618,10252,4000000000,0,336776447.9,86324656.63,423101104.5,3663223552,-336776447.9,TIIE,0.53,TIIE+0.53
132,2019,3,Septiembre,721/2011,Largo Plazo,Banca Comercial,BANAMEX,"BANAMEX 1,500",29/12/11,28/12/26,5478,2646,1500000000,0,20209581,16327484.33,36537065.33,954341313,-20209581,TIIE,TIIE-1.815,TIIE+TIIE-1.815
133,2019,3,Septiembre,P09-1112186,Largo Plazo,Mercado de Capitales,EVERCORE,BONO GDFECB 12,30/11/12,12/11/27,5460,2965,2500000000,0,0,0,0,2500000000,0,6.85,,6.85
134,2019,3,Septiembre,P09-1216054,Largo Plazo,Mercado de Capitales,EVERCORE,BONO GCDMXCB 16V,09/12/16,03/12/21,1820,795,1000000000,0,0,20751111.11,20774444.45,1000000000,0,TIIE,0.42,TIIE+0.42
135,2019,3,Septiembre,P09-1216082,Largo Plazo,Banca Comercial,BANCOMER,"BANCOMER 3,000-15",30/12/16,26/12/31,5474,4470,3000000000,0,53571428.58,55892738.1,109464166.7,2625000000,-53571428.58,8.22,,8.22
136,2019,3,Septiembre,P09-1218140,Largo Plazo,Banca Comercial,BANCOMER,"BANCOMER 3,000-18",31/12/18,26/12/28,3648,3375,3000000000,0,0,69920000,69920000,3000000000,0,9.12,,9.12
137,2019,4,Diciembre,224/2007,Largo Plazo,Banca Comercial,BANCOMER,"BANCOMER 3,457",30/08/07,27/07/37,10924,6418,3457974221,0,18129622.28,298867978.8,316997601.1,3371016262,-18129622.28,TIIE,0.35,TIIE+0.35
138,2019,4,Diciembre,225/2007,Largo Plazo,Banca Comercial,BANCOMER,BANCOMER 7000,31/08/07,27/08/40,12050,7545,7000000000,0,117633006.9,570746202.4,688379209.3,6253576222,-117633006.9,8.91,,8.91
139,2019,4,Diciembre,226/2007,Largo Plazo,Banca Comercial,BANCOMER,"BANCOMER 4,700",31/08/07,27/07/37,10923,6418,4700000000,0,24641370.75,413749058.9,438390429.6,4581808718,-24641370.75,8.8,,8.8
140,2019,4,Diciembre,329/2007,Largo Plazo,Mercado de Capitales,CI BANCO,BONO GDFCB 07,17/12/07,22/11/27,7280,2883,575000000,0,0,50290138.88,50290138.88,575000000,0,8.65,,8.65
141,2019,4,Diciembre,721/2011,Largo Plazo,Banca Comercial,BANAMEX,"BANAMEX 1,500",29/12/11,28/12/26,5478,2554,1500000000,0,80838324,64996919.52,145835243.5,934131732,-80838324,TIIE,TIIE-1.815,TIIE+TIIE-1.815
142,2019,4,Diciembre,P09-1014157,Largo Plazo,Mercado de Capitales,EVERCORE,BONO GDFECB 14,03/11/14,21/10/24,3640,1756,2500000000,0,0,162283333.3,162283333.3,2500000000,0,6.42,,6.42
143,2019,4,Diciembre,P09-1113146,Largo Plazo,Mercado de Capitales,EVERCORE,BONO GDFECB 13,28/11/13,16/11/23,3640,1416,2126874900,0,0,151610732.5,151610732.5,2126874900,0,7.05,,7.05
144,2019,4,Diciembre,P09-1213198,Largo Plazo,Banca Comercial,BANAMEX,"BANAMEX 3,500",31/12/13,26/12/23,3647,1456,3500000000,0,437500000.1,123580861.2,561080861.2,1750000000,-437500000.1,5.74,,5.74
145,2019,4,Diciembre,P09-1214242,Largo Plazo,Banca Comercial,BANCOMER,BANCOMER 2500,26/12/14,26/12/24,3653,1822,2500000000,0,312500000,100916160.3,413416160.4,1562500000,-312500000,5.75,,5.75
146,2019,4,Diciembre,P09-1216082,Largo Plazo,Banca Comercial,BANCOMER,"BANCOMER 3,000-15",30/12/16,26/12/31,5474,4378,3000000000,0,214285714.3,223937916.7,438223631,2571428571,-214285714.3,8.22,,8.22
147,2019,4,Diciembre,P09-1217134,Largo Plazo,Banca de Desarrollo,BANOBRAS,"BANOBRAS 1,378",29/12/17,27/12/32,5477,4745,1378859929,0,91923995.28,109937980.8,201861976.1,1195011938,-91923995.28,TIIE,0.34,TIIE+0.34
148,2019,4,Diciembre,P09-1218138,Largo Plazo,Banca Comercial,SANTANDER,"SANTANDER 2,400",31/12/18,26/12/28,3648,3283,2400000000,0,0,229200000,229200000,2400000000,0,9.55,,9.55
149,2019,4,Diciembre,P09-1219057,Largo Plazo,Mercado de Capitales,CI BANCO,BONO CDMXCB 19,03/12/19,20/11/29,3640,3612,1500000000,1500000000,0,0,0,1500000000,1500000000,7.82,,7.82
150,2019,4,Diciembre,P09-1219069,Largo Plazo,Banca de Desarrollo,BANOBRAS,"BANOBRAS 2,000",30/12/19,28/12/26,2555,2554,2000000000,2000000000,0,0,0,2000000000,2000000000,TIIE,0.2,TIIE+0.20
151,2019,4,Diciembre,P09-1219071,Largo Plazo,Banca Comercial,BANCOMER,"BANCOMER 3,421",30/12/19,26/12/29,3649,3648,3421287307,3421287307,0,0,0,3421287307,3421287307,6.74,,6.74
152,2019,4,Diciembre,P09-1219072,Largo Plazo,Banca Comercial,BANCOMER,BANCOMER 500-19,30/12/19,26/12/29,3649,3648,500000000,500000000,0,0,0,500000000,500000000,7.09,,7.09
153,2019,1,Marzo,224/2007,Largo Plazo,Banca Comercial,BANCOMER,"BANCOMER 3,457",30/08/07,27/07/37,10924,6693,3457974221,0,4194599.93,74728244.75,78922844.68,3384951284,-4194599.93,TIIE,0.35,TIIE+0.35
154,2019,1,Marzo,225/2007,Largo Plazo,Banca Comercial,BANCOMER,BANCOMER 7000,31/08/07,27/08/40,12050,7820,7000000000,0,28565039.09,140143855.6,168708894.7,6342644190,-28565039.09,8.91,,8.91
155,2019,1,Marzo,233/2007,Largo Plazo,Banca Comercial,HSBC,"HSBC 7,000",07/09/07,25/09/47,14628,10405,7000000000,0,0,157521447.2,157521447.2,7000000000,0,TIIE,0.53,TIIE+0.53
156,2019,1,Marzo,262/2007,Largo Plazo,Banca de Desarrollo,BANOBRAS,"BANOBRAS 4,000",17/10/07,25/10/47,14618,10435,4000000000,0,0,89955533.34,89955533.34,4000000000,0,TIIE,0.53,TIIE+0.53
157,2019,1,Marzo,329/2007,Largo Plazo,Mercado de Capitales,CI BANCO,BONO GDFCB 07,17/12/07,22/11/27,7280,3158,575000000,0,0,0,0,575000000,0,8.65,,8.65
158,2019,1,Marzo,P09-0915121,Largo Plazo,Mercado de Capitales,EVERCORE,BONO GDFECB 15-2,25/09/15,12/09/25,3640,2357,2500000000,0,0,84680555.56,84680555.56,2500000000,0,6.7,,6.7
159,2019,1,Marzo,P09-1012161,Largo Plazo,Bonos Cupón Cero,BANOBRAS,"BANOBRAS 2,138",12/11/12,25/11/32,7318,4988,2138648319,0,0,42139094.8,42139094.8,2138648319,0,7.09,0.88,7.97
160,2019,1,Marzo,P09-1113146,Largo Plazo,Mercado de Capitales,EVERCORE,BONO GDFECB 13,28/11/13,16/11/23,3640,1691,2126874900,0,0,0,0,2126874900,0,7.05,,7.05
161,2019,1,Marzo,P09-1212219,Largo Plazo,Banca de Desarrollo,BANOBRAS,"BANOBRAS 1,954",28/12/12,25/11/27,5445,3161,1954226708,0,35105869.02,21102423.91,56208292.93,1217003459,-35105869.02,5.97,0.91,6.88
162,2019,1,Marzo,P09-1213198,Largo Plazo,Banca Comercial,BANAMEX,"BANAMEX 3,500",31/12/13,26/12/23,3647,1731,3500000000,0,109375000,33578238.32,142953238.3,2078125000,-109375000,5.74,,5.74
163,2019,1,Marzo,P09-1214242,Largo Plazo,Banca Comercial,BANCOMER,BANCOMER 2500,26/12/14,26/12/24,3653,2097,2500000000,0,78125000.01,26291775.18,104416775.2,1796875000,-78125000.01,5.75,,5.75
164,2019,1,Marzo,P09-1215163,Largo Plazo,Banca Comercial,SANTANDER,"SANTANDER 3,500",30/12/15,26/12/22,2553,1366,3500000000,0,175000000,60710399.01,235710399,2625000000,-175000000,TIIE,0.38,TIIE+0.38
165,2019,1,Marzo,P09-1216082,Largo Plazo,Banca Comercial,BANCOMER,"BANCOMER 3,000-15",30/12/16,26/12/31,5474,4653,3000000000,0,53571428.58,56255625.01,109827053.6,2732142857,-53571428.58,8.22,,8.22
166,2019,1,Marzo,P09-1218138,Largo Plazo,Banca Comercial,SANTANDER,"SANTANDER 2,400",31/12/18,26/12/28,3648,3558,2400000000,0,0,53480000.01,53480000.01,2400000000,0,9.55,,9.55
167,2019,1,Marzo,P09-1218140,Largo Plazo,Banca Comercial,BANCOMER,"BANCOMER 3,000-18",31/12/18,26/12/28,3648,3558,3000000000,0,0,63840000,63840000,3000000000,0,9.12,,9.12
168,2019,2,Junio,145/2010,Largo Plazo,Mercado de Capitales,CI BANCO,BONO GDFCB 10-2,25/06/10,12/06/20,3640,348,2520951200,0,0,100683989.9,100683989.9,2520951200,0,7.9,,7.9
169,2019,2,Junio,261/2007,Largo Plazo,Banca de Desarrollo,BANOBRAS,"BANOBRAS  4,459",17/10/07,25/10/40,12062,7788,4459000000,0,8705350.48,96202120.8,104907471.3,4248733119,-8705350.48,TIIE,0.35,TIIE+0.35
170,2019,2,Junio,329/2007,Largo Plazo,Mercado de Capitales,CI BANCO,BONO GDFCB 07,17/12/07,22/11/27,7280,3067,575000000,0,0,25145069.44,25145069.44,575000000,0,8.65,,8.65
171,2019,2,Junio,513/2008,Largo Plazo,Banca de Desarrollo,BANOBRAS,"BANOBRAS  1,914",26/12/08,25/10/19,3955,117,1914680897,0,38322991.5,1862510.84,40185502.34,51097322.01,-38322991.5,TIIE,0.97,TIIE+0.97
172,2019,2,Junio,562/2010,Largo Plazo,Banca de Desarrollo,BANOBRAS,"BANOBRAS  1,499",28/12/10,25/10/40,10894,7788,1499069398,0,9027778.05,27697629.19,36725407.24,1181013842,-9027778.05,9.13,,9.13
173,2019,2,Junio,P09-1212219,Largo Plazo,Banca de Desarrollo,BANOBRAS,"BANOBRAS 1,954",28/12/12,25/11/27,5445,3070,1954226708,0,35105869.02,21196351.61,56302220.63,1181897590,-35105869.02,5.97,0.91,6.88
174,2019,2,Junio,P09-1215163,Largo Plazo,Banca Comercial,SANTANDER,"SANTANDER 3,500",30/12/15,26/12/22,2553,1275,3500000000,0,175000000,58318409.73,233318409.7,2450000000,-175000000,TIIE,0.38,TIIE+0.38
175,2019,2,Junio,P09-1216082,Largo Plazo,Banca Comercial,BANCOMER,"BANCOMER 3,000-15",30/12/16,26/12/31,5474,4562,3000000000,0,53571428.58,57026250,110597678.6,2678571429,-53571428.58,8.22,,8.22
176,2019,2,Junio,P09-1216083,Largo Plazo,Banca Comercial,BANCOMER,"BANCOMER 3,000-7",30/12/16,26/12/23,2552,1640,3000000000,0,125000000,45515069.44,170515069.5,2250000000,-125000000,7.63,,7.63
177,2019,2,Junio,P09-1217134,Largo Plazo,Banca de Desarrollo,BANOBRAS,"BANOBRAS 1,378",29/12/17,27/12/32,5477,4929,1378859929,0,22980998.82,28397771.86,51378770.68,1240973936,-22980998.82,TIIE,0.34,TIIE+0.34
178,2019,3,Septiembre,225/2007,Largo Plazo,Banca Comercial,BANCOMER,BANCOMER 7000,31/08/07,27/08/40,12050,7637,7000000000,0,29685659.41,143538530.7,173224190.1,6283838571,-29685659.41,8.91,,8.91
179,2019,3,Septiembre,261/2007,Largo Plazo,Banca de Desarrollo,BANOBRAS,"BANOBRAS  4,459",17/10/07,25/10/40,12062,7696,4459000000,0,8995235.06,95092085.37,104087320.4,4239737884,-8995235.06,TIIE,0.35,TIIE+0.35
180,2019,3,Septiembre,514/2008,Largo Plazo,Banca de Desarrollo,BANOBRAS,BANOBRAS  175,24/12/09,27/11/28,6913,3346,174978799.6,0,2421929.16,2026715.76,4448644.92,88804068.89,-2421929.16,TIIE,0.35,TIIE+0.35
181,2019,3,Septiembre,P09-0915121,Largo Plazo,Mercado de Capitales,EVERCORE,BONO GDFECB 15,25/09/15,18/09/20,1820,354,1382000000,0,345500000,27538653.33,373038653.3,806166666.7,-345500000,TIIE,0.12,TIIE+0.12
182,2019,3,Septiembre,P09-0915121,Largo Plazo,Mercado de Capitales,EVERCORE,BONO GDFECB 15-2,25/09/15,12/09/25,3640,2174,2500000000,0,0,84680555.56,84680555.56,2500000000,0,6.7,,6.7
183,2019,3,Septiembre,P09-1012161,Largo Plazo,Bonos Cupón Cero,BANOBRAS,BANOBRAS 196,07/11/13,25/11/32,6958,4805,196783977,0,0,4314816.68,4314816.68,196783977,0,7.7,0.88,8.58
184,2019,3,Septiembre,P09-1012161,Largo Plazo,Bonos Cupón Cero,BANOBRAS,"BANOBRAS 2,138",12/11/12,25/11/32,7318,4805,2138648319,0,0,43559513.72,43559513.72,2138648319,0,7.09,0.88,7.97
185,2019,3,Septiembre,P09-1012161,Largo Plazo,Bonos Cupón Cero,BANOBRAS,BANOBRAS 294,30/11/12,25/11/32,7300,4805,294874160,0,0,5953181.66,5953181.66,294874160,0,7.02,0.88,7.9
186,2019,3,Septiembre,P09-1014157,Largo Plazo,Mercado de Capitales,EVERCORE,BONO GDFECB 14,03/11/14,21/10/24,3640,1848,2500000000,0,0,0,0,2500000000,0,6.42,,6.42
187,2019,3,Septiembre,P09-1113146,Largo Plazo,Mercado de Capitales,EVERCORE,BONO GDFECB 13,28/11/13,16/11/23,3640,1508,2126874900,0,0,0,0,2126874900,0,7.05,,7.05
188,2019,3,Septiembre,P09-1214244,Largo Plazo,Banca de Desarrollo,BANOBRAS,"BANOBRAS 1,949",31/12/14,26/11/29,5444,3710,1949386371,0,37730058.81,34995667.12,72725725.93,1534355724,-37730058.81,TIIE,0.36,TIIE+0.36
189,2019,4,Diciembre,145/2010,Largo Plazo,Mercado de Capitales,CI BANCO,BONO GDFCB 10-2,25/06/10,12/06/20,3640,164,2520951200,0,0,201367979.7,201367979.7,840317066.7,0,7.9,,7.9
190,2019,4,Diciembre,260/2007,Largo Plazo,Banca de Desarrollo,BANOBRAS,"BANOBRAS  4,806",17/10/07,26/10/37,10967,6509,4806995489,0,23897538.34,414914728.8,438812267.2,4680762288,-23897538.34,TIIE,0.35,TIIE+0.35
191,2019,4,Diciembre,262/2007,Largo Plazo,Banca de Desarrollo,BANOBRAS,"BANOBRAS 4,000",17/10/07,25/10/47,14618,10160,4000000000,0,336776447.9,348356204.9,685132652.8,3663223552,-336776447.9,TIIE,0.53,TIIE+0.53
192,2019,4,Diciembre,513/2008,Largo Plazo,Banca de Desarrollo,BANOBRAS,"BANOBRAS  1,914",26/12/08,25/10/19,3955,0,1914680897,0,127743305,4983440.87,132726745.9,0,-127743305,TIIE,0.97,TIIE+0.97
193,2019,4,Diciembre,562/2010,Largo Plazo,Banca de Desarrollo,BANOBRAS,"BANOBRAS  1,499",28/12/10,25/10/40,10894,7604,1499069398,0,36111112.92,109455422.2,145566535.1,1162958285,-36111112.92,9.13,,9.13
194,2019,4,Diciembre,P09-1012161,Largo Plazo,Bonos Cupón Cero,BANOBRAS,BANOBRAS 196,07/11/13,25/11/32,6958,4713,196783977,0,0,17118566.16,17118566.16,196783977,0,7.7,0.88,8.58
195,2019,4,Diciembre,P09-1012161,Largo Plazo,Bonos Cupón Cero,BANOBRAS,BANOBRAS 294,30/11/12,25/11/32,7300,4713,294874160,0,0,23618601.16,23618601.16,294874160,0,7.02,0.88,7.9
196,2019,4,Diciembre,P09-1214244,Largo Plazo,Banca de Desarrollo,BANOBRAS,"BANOBRAS 1,949",31/12/14,26/11/29,5444,3618,1949386371,0,150920235.2,139732200.6,290652435.8,1496625666,-150920235.2,TIIE,0.36,TIIE+0.36
197,2019,4,Diciembre,P09-1217133,Largo Plazo,Banca Comercial,HSBC,"HSBC 2,500",29/12/17,26/12/24,2554,1822,2500000000,0,357142857.1,149631713,506774570.1,1785714286,-357142857.1,7.46,,7.46
198,2019,4,Diciembre,P09-1218139,Largo Plazo,Banca Comercial,HSBC,"HSBC 1,170",31/12/18,26/12/28,3648,3283,1170915400,0,0,113227519.1,113227519.1,1170915400,0,9.67,,9.67
199,2019,4,Diciembre,P09-1219070,Largo Plazo,Banca Comercial,BANCOMER,"BANCOMER 2,000",30/12/19,28/12/26,2555,2554,2000000000,2000000000,0,0,0,2000000000,2000000000,TIIE,0.22,TIIE+0.22
200,2020,1,Marzo,260/2007,Largo Plazo,Banca de Desarrollo,BANOBRAS,"BANOBRAS  4,806",17/10/07,26/10/37,10967,6418,4806995489,0,6768721.46,91441181.55,98209903.01,4673993566,-6768721.46,TIIE,0.35,TIIE+0.35
201,2020,1,Marzo,261/2007,Largo Plazo,Banca de Desarrollo,BANOBRAS,"BANOBRAS  4,459",17/10/07,25/10/40,12062,7513,4459000000,0,9604281.92,82561484.18,92165766.1,4220838829,-9604281.92,TIIE,0.35,TIIE+0.35
202,2020,1,Marzo,514/2008,Largo Plazo,Banca de Desarrollo,BANOBRAS,BANOBRAS  175,24/12/09,27/11/28,6913,3163,174978799.6,0,2421929.16,1673215.99,4095145.15,83960210.57,-2421929.16,TIIE,0.35,TIIE+0.35
203,2020,1,Marzo,721/2011,Largo Plazo,Banca Comercial,BANAMEX,"BANAMEX 1,500",29/12/11,28/12/26,5478,2463,1500000000,0,20209581,13094834.33,33304415.33,913922151,-20209581,TIIE,TIIE-1.815,TIIE+TIIE-1.815
204,2020,1,Marzo,P09-0915121,Largo Plazo,Mercado de Capitales,EVERCORE,BONO GDFECB 15-2,25/09/15,12/09/25,3640,1991,2500000000,0,0,84680555.56,84680555.56,2500000000,0,6.7,,6.7
205,2020,1,Marzo,P09-0917056,Largo Plazo,Mercado de Capitales,EVERCORE,BONO GCDMXCB 17X,19/09/17,07/03/28,3822,2898,2000000000,0,0,76844444.44,76844444.44,2000000000,0,7.6,,7.6
206,2020,1,Marzo,P09-1012161,Largo Plazo,Bonos Cupón Cero,BANOBRAS,BANOBRAS 196,07/11/13,25/11/32,6958,4622,196783977,0,0,4221016.3,4221016.3,196783977,0,7.7,0.88,8.58
207,2020,1,Marzo,P09-1112186,Largo Plazo,Mercado de Capitales,EVERCORE,BONO GDFECB 12,30/11/12,12/11/27,5460,2782,2500000000,0,0,0,0,2500000000,0,6.85,,6.85
208,2020,1,Marzo,P09-1212219,Largo Plazo,Banca de Desarrollo,BANOBRAS,"BANOBRAS 1,954",28/12/12,25/11/27,5445,2795,1954226708,0,35105869.02,18926432.12,54032301.14,1076579983,-35105869.02,5.97,0.91,6.88
209,2020,1,Marzo,P09-1213189,Largo Plazo,Banca de Desarrollo,BANOBRAS,"BANOBRAS 1,024",31/12/13,25/10/23,3585,1303,1024317877,0,16003942.5,11850717.22,27854659.72,597775524.1,-16003942.5,TIIE,0.32,TIIE+0.32
210,2020,1,Marzo,P09-1213198,Largo Plazo,Banca Comercial,BANAMEX,"BANAMEX 3,500",31/12/13,26/12/23,3647,1365,3500000000,0,109375000,24606762.15,133981762.2,1640625000,-109375000,5.74,,5.74
211,2020,1,Marzo,P09-1214244,Largo Plazo,Banca de Desarrollo,BANOBRAS,"BANOBRAS 1,949",31/12/14,26/11/29,5444,3527,1949386371,0,37730058.81,29052981.62,66783040.43,1458895607,-37730058.81,TIIE,0.36,TIIE+0.36
212,2020,1,Marzo,P09-1215163,Largo Plazo,Banca Comercial,SANTANDER,"SANTANDER 3,500",30/12/15,26/12/22,2553,1000,3500000000,0,175000000,40096554.17,215096554.2,1925000000,-175000000,TIIE,0.38,TIIE+0.38
213,2020,1,Marzo,P09-1216054,Largo Plazo,Mercado de Capitales,EVERCORE,BONO GCDMXCB 16V,09/12/16,03/12/21,1820,612,1000000000,0,0,24748888.89,24748888.89,1000000000,0,TIIE,0.42,TIIE+0.42
214,2020,1,Marzo,P09-1219069,Largo Plazo,Banca de Desarrollo,BANOBRAS,"BANOBRAS 2,000",30/12/19,28/12/26,2555,2463,2000000000,0,0,36597294.44,36597294.44,2000000000,0,TIIE,0.2,TIIE+0.20
215,2020,1,Marzo,P09-1219070,Largo Plazo,Banca Comercial,BANCOMER,"BANCOMER 2,000",30/12/19,28/12/26,2555,2463,2000000000,0,0,36692850,36692850,2000000000,0,TIIE,0.22,TIIE+0.22
216,2020,1,Marzo,P09-1219071,Largo Plazo,Banca Comercial,BANCOMER,"BANCOMER 3,421",30/12/19,26/12/29,3649,3557,3421287307,0,0,55086527.07,55086527.07,3421287307,0,6.74,,6.74
217,2020,2,Junio,226/2007,Largo Plazo,Banca Comercial,BANCOMER,"BANCOMER 4,700",31/08/07,27/07/37,10923,6236,4700000000,0,14320834.79,205431189.1,219752023.9,4567487883,-14320834.79,8.8,,8.8
218,2020,2,Junio,260/2007,Largo Plazo,Banca de Desarrollo,BANOBRAS,"BANOBRAS  4,806",17/10/07,26/10/37,10967,6327,4806995489,0,13888545.55,170764260.5,184652806.1,4666873742,-13888545.55,TIIE,0.35,TIIE+0.35
219,2020,2,Junio,261/2007,Largo Plazo,Banca de Desarrollo,BANOBRAS,"BANOBRAS  4,459",17/10/07,25/10/40,12062,7422,4459000000,0,19528381.49,154123903,173652284.5,4210914729,-19528381.49,TIIE,0.35,TIIE+0.35
220,2020,2,Junio,P09-0915121,Largo Plazo,Mercado de Capitales,EVERCORE,BONO GDFECB 15,25/09/15,18/09/20,1820,80,1382000000,0,0,53292991.11,53292991.11,460666666.6,0,TIIE,0.12,TIIE+0.12
221,2020,2,Junio,P09-1014157,Largo Plazo,Mercado de Capitales,EVERCORE,BONO GDFECB 14,03/11/14,21/10/24,3640,1574,2500000000,0,0,81141666.67,81141666.67,2500000000,0,6.42,,6.42
222,2020,2,Junio,P09-1214242,Largo Plazo,Banca Comercial,BANCOMER,BANCOMER 2500,26/12/14,26/12/24,3653,1640,2500000000,0,156250000,43536783.85,199786783.9,1406250000,-156250000,5.75,,5.75
223,2020,2,Junio,P09-1215163,Largo Plazo,Banca Comercial,SANTANDER,"SANTANDER 3,500",30/12/15,26/12/22,2553,909,3500000000,0,350000000,71951109.35,421951109.3,1750000000,-350000000,TIIE,0.38,TIIE+0.38
224,2020,2,Junio,P09-1216082,Largo Plazo,Banca Comercial,BANCOMER,"BANCOMER 3,000-15",30/12/16,26/12/31,5474,4196,3000000000,0,107142857.2,105012946.4,212155803.6,2464285714,-107142857.2,8.22,,8.22
225,2020,2,Junio,P09-1217134,Largo Plazo,Banca de Desarrollo,BANOBRAS,"BANOBRAS 1,378",29/12/17,27/12/32,5477,4563,1378859929,0,45961997.64,42933207.15,88895204.79,1149049941,-45961997.64,TIIE,0.34,TIIE+0.34
226,2020,2,Junio,P09-1218138,Largo Plazo,Banca Comercial,SANTANDER,"SANTANDER 2,400",31/12/18,26/12/28,3648,3101,2400000000,0,133333333.3,113202870.4,246536203.7,2266666667,-133333333.3,9.55,,9.55
227,2020,2,Junio,P09-1218139,Largo Plazo,Banca Comercial,HSBC,"HSBC 1,170",31/12/18,26/12/28,3648,3101,1170915400,0,65050855.56,55923560.98,120974416.5,1105864544,-65050855.56,9.67,,9.67
228,2020,2,Junio,P09-1219057,Largo Plazo,Mercado de Capitales,CI BANCO,BONO CDMXCB 19,03/12/19,20/11/29,3640,3430,1500000000,0,0,59301666.67,118603333.3,1500000000,0,7.82,,7.82
229,2020,2,Junio,P09-1219069,Largo Plazo,Banca de Desarrollo,BANOBRAS,"BANOBRAS 2,000",30/12/19,28/12/26,2555,2372,2000000000,0,0,69727249.99,69727249.99,2000000000,0,TIIE,0.2,TIIE+0.20
230,2020,2,Junio,P09-1219072,Largo Plazo,Banca Comercial,BANCOMER,BANCOMER 500-19,30/12/19,26/12/29,3649,3466,500000000,0,0,17528055.54,17528055.54,500000000,0,7.09,,7.09
231,2020,3,Septiembre,226/2007,Largo Plazo,Banca Comercial,BANCOMER,"BANCOMER 4,700",31/08/07,27/07/37,10923,6144,4700000000,0,22043083.86,309025576.7,331068660.6,4559765634,-22043083.86,8.8,,8.8
232,2020,3,Septiembre,721/2011,Largo Plazo,Banca Comercial,BANAMEX,"BANAMEX 1,500",29/12/11,28/12/26,5478,2280,1500000000,0,60628743,36871383.9,97500126.9,873502989,-60628743,TIIE,TIIE-1.815,TIIE+TIIE-1.815
233,2020,3,Septiembre,P09-1216083,Largo Plazo,Banca Comercial,BANCOMER,"BANCOMER 3,000-7",30/12/16,26/12/23,2552,1182,3000000000,0,375000000,106466759.2,481466759.3,1625000000,-375000000,7.63,,7.63
234,2020,3,Septiembre,P09-1217133,Largo Plazo,Banca Comercial,HSBC,"HSBC 2,500",29/12/17,26/12/24,2554,1548,2500000000,0,267857142.8,94631481.48,362488624.3,1517857143,-267857142.8,7.46,,7.46
235,2020,3,Septiembre,P09-1218139,Largo Plazo,Banca Comercial,HSBC,"HSBC 1,170",31/12/18,26/12/28,3648,3009,1170915400,0,97576283.34,140266227.8,306124988.9,1073339117,-165858761.1,9.67,,9.67
236,2020,3,Septiembre,P09-1219070,Largo Plazo,Banca Comercial,BANCOMER,"BANCOMER 2,000",30/12/19,28/12/26,2555,2280,2000000000,0,0,97700450,97700450,2000000000,0,TIIE,0.22,TIIE+0.22
237,2020,3,Septiembre,P09-1219072,Largo Plazo,Banca Comercial,BANCOMER,BANCOMER 500-19,30/12/19,26/12/29,3649,3374,500000000,0,0,26587499.98,26587499.98,500000000,0,7.09,,7.09
238,2020,3,Septiembre,514/2008,Largo Plazo,Banca de Desarrollo,BANOBRAS,BANOBRAS  175,24/12/09,27/11/28,6913,2980,174978799.6,0,7265787.48,4235825.13,11501612.61,79116352.25,-7265787.48,TIIE,0.35,TIIE+0.35
239,2020,3,Septiembre,P09-1212219,Largo Plazo,Banca de Desarrollo,BANOBRAS,"BANOBRAS 1,954",28/12/12,25/11/27,5445,2612,1954226708,0,105317607.1,55761746.24,161079353.3,1006368245,-105317607.1,5.97,0.91,6.88
240,2020,3,Septiembre,329/2007,Largo Plazo,Mercado de Capitales,CI BANCO,BONO GDFCB 07,17/12/07,22/11/27,7280,2609,575000000,0,0,25145069.44,25145069.44,575000000,0,8.65,,8.65
241,2020,3,Septiembre,145/2010,Largo Plazo,Mercado de Capitales,CI BANCO,BONO GDFCB10-2,25/06/10,12/06/20,3640,0,2520951200,0,840317066.7,100683989.9,941001056.5,0,-840317066.7,7.09,,7.09
242,2020,3,Septiembre,P09-1113146,Largo Plazo,Mercado de Capitales,EVERCORE,BONO GDFECB 13,28/11/13,16/11/23,3640,1142,2126874900,0,0,75805366.23,75805366.23,2126874900,0,7.05,,7.05
243,2020,3,Septiembre,P09-1014157,Largo Plazo,Mercado de Capitales,EVERCORE,BONO GDFECB 14,03/11/14,21/10/24,3640,1482,2500000000,0,0,81141666.67,81141666.67,2500000000,0,6.42,,6.42
244,2020,3,Septiembre,P09-1216054,Largo Plazo,Mercado de Capitales,EVERCORE,BONO GCDMXCB 16V,09/12/16,03/12/21,1820,429,1000000000,0,0,53814444.43,53814444.43,1000000000,0,TIIE,0.42,TIIE+0.42
245,2020,3,Septiembre,P09-1219057,Largo Plazo,Mercado de Capitales,CI BANCO,BONO CDMXCB 19,03/12/19,20/11/29,3640,3338,1500000000,0,0,59301666.67,118603333.3,1500000000,0,7.82,,7.82
246,2020,1,Marzo,224/2007,Largo Plazo,Banca Comercial,BANCOMER,"BANCOMER 3,457",30/08/07,27/07/37,10924,6327,3457974221,0,5135018.13,65835191.47,70970209.6,3365881244,-5135018.13,TIIE,0.35,TIIE+0.35
247,2020,1,Marzo,225/2007,Largo Plazo,Banca Comercial,BANCOMER,BANCOMER 7000,31/08/07,27/08/40,12050,7454,7000000000,0,30850242.21,139076982.7,169927224.9,6222725980,-30850242.21,8.91,,8.91
248,2020,1,Marzo,P09-0915121,Largo Plazo,Mercado de Capitales,EVERCORE,BONO GDFECB 15,25/09/15,18/09/20,1820,171,1382000000,0,0,24872928.89,24872928.89,460666666.6,0,TIIE,0.12,TIIE+0.12
249,2020,1,Marzo,P09-1012161,Largo Plazo,Bonos Cupón Cero,BANOBRAS,"BANOBRAS 2,138",12/11/12,25/11/32,7318,4622,2138648319,0,0,42612567.77,42612567.77,2138648319,0,7.09,0.88,7.97
250,2020,1,Marzo,P09-1118104,Largo Plazo,Mercado de Capitales,EVERCORE,BONO GCDMXCB 18V,21/11/18,08/11/28,3640,3144,1100000000,0,0,0,0,1100000000,0,9.93,,9.93
251,2020,1,Marzo,P09-1212219,Largo Plazo,Banca de Desarrollo,BANOBRAS,BANOBRAS 145,31/12/12,25/11/27,5442,2795,145773291.7,0,2618681.88,1409743.38,4028425.26,80306244.74,-2618681.88,5.96,0.91,6.87
252,2020,1,Marzo,P09-1216083,Largo Plazo,Banca Comercial,BANCOMER,"BANCOMER 3,000-7",30/12/16,26/12/23,2552,1365,3000000000,0,125000000,37381701.38,162381701.4,1875000000,-125000000,7.63,,7.63
253,2020,1,Marzo,P09-1219057,Largo Plazo,Mercado de Capitales,CI BANCO,BONO CDMXCB 19,03/12/19,20/11/29,3640,3521,1500000000,0,0,0,0,1500000000,0,7.82,,7.82
254,2020,1,Marzo,P09-1219072,Largo Plazo,Banca Comercial,BANCOMER,BANCOMER 500-19,30/12/19,26/12/29,3649,3557,500000000,0,0,8468611.1,8468611.1,500000000,0,7.09,,7.09
255,2020,2,Junio,145/2010,Largo Plazo,Mercado de Capitales,CI BANCO,BONO GDFCB 10-2,25/06/10,12/06/20,3640,0,2520951200,0,840317066.7,100683989.9,941001056.5,0,-840317066.7,7.9,,7.9
256,2020,2,Junio,514/2008,Largo Plazo,Banca de Desarrollo,BANOBRAS,BANOBRAS  175,24/12/09,27/11/28,6913,3072,174978799.6,0,4843858.32,3086123.11,7929981.43,81538281.41,-4843858.32,TIIE,0.35,TIIE+0.35
257,2020,2,Junio,721/2011,Largo Plazo,Banca Comercial,BANAMEX,"BANAMEX 1,500",29/12/11,28/12/26,5478,2372,1500000000,0,40419162,25117488.33,65536650.33,893712570,-40419162,TIIE,TIIE-1.815,TIIE+TIIE-1.815
258,2020,2,Junio,P09-1012161,Largo Plazo,Bonos Cupón Cero,BANOBRAS,"BANOBRAS 2,138",12/11/12,25/11/32,7318,4531,2138648319,0,0,86172081.49,86172081.49,2138648319,0,7.09,0.88,7.97
259,2020,2,Junio,P09-1113146,Largo Plazo,Mercado de Capitales,EVERCORE,BONO GDFECB 13,28/11/13,16/11/23,3640,1234,2126874900,0,0,75805366.23,75805366.23,2126874900,0,7.05,,7.05
260,2020,2,Junio,P09-1216083,Largo Plazo,Banca Comercial,BANCOMER,"BANCOMER 3,000-7",30/12/16,26/12/23,2552,1274,3000000000,0,250000000,73147326.37,323147326.4,1750000000,-250000000,7.63,,7.63
261,2020,2,Junio,P09-1217133,Largo Plazo,Banca Comercial,HSBC,"HSBC 2,500",29/12/17,26/12/24,2554,1640,2500000000,0,178571428.6,64553422.62,243124851.2,1607142857,-178571428.6,7.46,,7.46
262,2020,3,Septiembre,225/2007,Largo Plazo,Banca Comercial,BANCOMER,BANCOMER 7000,31/08/07,27/08/40,12050,7271,7000000000,0,94360310.26,421256536.5,515616846.7,6159215912,-94360310.26,8.91,,8.91
263,2020,3,Septiembre,P09-1215163,Largo Plazo,Banca Comercial,SANTANDER,"SANTANDER 3,500",30/12/15,26/12/22,2553,817,3500000000,0,525000000,96189454.53,621189454.5,1575000000,-525000000,TIIE,0.38,TIIE+0.38
264,2020,3,Septiembre,P09-1218140,Largo Plazo,Banca Comercial,BANCOMER,"BANCOMER 3,000-18",31/12/18,26/12/28,3648,3009,3000000000,0,250000000,200527407.4,450527407.4,2750000000,-250000000,9.12,,9.12
265,2020,3,Septiembre,P09-1218138,Largo Plazo,Banca Comercial,SANTANDER,"SANTANDER 2,400",31/12/18,26/12/28,3648,3009,2400000000,0,200000000,110706369.6,242423891.8,2200000000,-131717522.2,9.55,,9.55
266,2020,3,Septiembre,562/2010,Largo Plazo,Banca de Desarrollo,BANOBRAS,"BANOBRAS  1,499",28/12/10,25/10/40,10894,7330,1499069398,0,27083333.13,79976878.12,107060211.3,1135874952,-27083333.13,9.13,,9.13
267,2020,3,Septiembre,P09-1214244,Largo Plazo,Banca de Desarrollo,BANOBRAS,"BANOBRAS 1,949",31/12/14,26/11/29,5444,3344,1949386371,0,113190176.4,73757974.93,186948151.4,1383435489,-113190176.4,TIIE,0.36,TIIE+0.36
268,2020,3,Septiembre,P09-1217134,Largo Plazo,Banca de Desarrollo,BANOBRAS,"BANOBRAS 1,378",29/12/17,27/12/32,5477,4471,1378859929,0,68942996.46,59155314.09,128098310.6,1126068942,-68942996.46,TIIE,0.34,TIIE+0.34
269,2020,3,Septiembre,P09-0720076,Largo Plazo,Banca de Desarrollo,BANOBRAS,"BANOBRAS 2,000",31/07/20,31/07/30,3652,3591,2000000000,2000000000,33333333.34,16799137.73,50132471.07,1966666667,1966666667,TIIE,0.46,TIIE+0.46
270,2020,3,Septiembre,P09-0720077,Largo Plazo,Banca de Desarrollo,BANOBRAS,"BANOBRAS 2,300-20",31/07/20,31/07/30,3652,3591,2300000000,2300000000,38333333.34,19710748.44,58044081.78,2261666667,2261666667,TIIE,0.57,TIIE+0.57
271,2020,3,Septiembre,P09-1012161,Largo Plazo,Bonos Cupón Cero,BANOBRAS,BANOBRAS 196,07/11/13,25/11/32,6958,4439,196783977,0,0,12850649.64,12850649.64,196783977,0,7.7,0.88,8.58
272,2020,3,Septiembre,P09-1112186,Largo Plazo,Mercado de Capitales,EVERCORE,BONO GDFECB 12,30/11/12,12/11/27,5460,2599,2500000000,0,0,86576388.89,86576388.89,2500000000,0,6.85,,6.85
273,2020,3,Septiembre,P09-0915121,Largo Plazo,Mercado de Capitales,EVERCORE,BONO GDFECB 15-2,25/09/15,12/09/25,3640,1808,2500000000,0,0,169361111.1,169361111.1,2500000000,0,6.7,,6.7
274,2020,3,Septiembre,P09-0915121,Largo Plazo,Mercado de Capitales,EVERCORE,BONO GDFECB 15,25/09/15,18/09/20,1820,0,1382000000,0,460666666.6,70512711.11,531179377.8,0,-460666666.6,TIIE,0.12,TIIE+0.12
275,2020,3,Septiembre,P09-0917056,Largo Plazo,Mercado de Capitales,EVERCORE,BONO GCDMXCB 17X,19/09/17,07/03/28,3822,2715,2000000000,0,0,153688888.9,153688888.9,2000000000,0,7.6,,7.6
276,2020,1,Marzo,145/2010,Largo Plazo,Mercado de Capitales,CI BANCO,BONO GDFCB 10-2,25/06/10,12/06/20,3640,73,2520951200,0,0,0,0,840317066.7,0,7.9,,7.9
277,2020,1,Marzo,226/2007,Largo Plazo,Banca Comercial,BANCOMER,"BANCOMER 4,700",31/08/07,27/07/37,10923,6327,4700000000,0,6979399.981,101666788.6,108646188.6,4574829318,-6979399.981,8.8,,8.8
278,2020,1,Marzo,233/2007,Largo Plazo,Banca Comercial,HSBC,"HSBC 7,000",07/09/07,25/09/47,14628,10039,7000000000,0,0,139924030.6,139924030.6,7000000000,0,TIIE,0.53,TIIE+0.53
279,2020,1,Marzo,262/2007,Largo Plazo,Banca de Desarrollo,BANOBRAS,"BANOBRAS 4,000",17/10/07,25/10/47,14618,10069,4000000000,0,0,73244068.92,73244068.92,3663223552,0,TIIE,0.53,TIIE+0.53
280,2020,1,Marzo,329/2007,Largo Plazo,Mercado de Capitales,CI BANCO,BONO GDFCB 07,17/12/07,22/11/27,7280,2792,575000000,0,0,0,0,575000000,0,8.65,,8.65
281,2020,1,Marzo,562/2010,Largo Plazo,Banca de Desarrollo,BANOBRAS,"BANOBRAS  1,499",28/12/10,25/10/40,10894,7513,1499069398,0,9027777.81,26478126.06,35505903.87,1153930507,-9027777.81,9.13,,9.13
282,2020,1,Marzo,P09-1012161,Largo Plazo,Bonos Cupón Cero,BANOBRAS,BANOBRAS 294,30/11/12,25/11/32,7300,4622,294874160,0,0,5823764.66,5823764.66,294874160,0,7.02,0.88,7.9
283,2020,1,Marzo,P09-1014157,Largo Plazo,Mercado de Capitales,EVERCORE,BONO GDFECB 14,03/11/14,21/10/24,3640,1665,2500000000,0,0,0,0,2500000000,0,6.42,,6.42
284,2020,1,Marzo,P09-1113146,Largo Plazo,Mercado de Capitales,EVERCORE,BONO GDFECB 13,28/11/13,16/11/23,3640,1325,2126874900,0,0,0,0,2126874900,0,7.05,,7.05
285,2020,1,Marzo,P09-1214242,Largo Plazo,Banca Comercial,BANCOMER,BANCOMER 2500,26/12/14,26/12/24,3653,1731,2500000000,0,78125000.01,22099066.84,100224066.9,1484375000,-78125000.01,5.75,,5.75
286,2020,1,Marzo,P09-1215162,Largo Plazo,Banca de Desarrollo,BANOBRAS,"BANOBRAS 1,000",29/12/15,26/12/25,3650,2096,1000000000,0,13888888.89,15580078.09,29468966.98,781624939.2,-13888888.89,TIIE,0.41,TIIE+0.41
287,2020,1,Marzo,P09-1216082,Largo Plazo,Banca Comercial,BANCOMER,"BANCOMER 3,000-15",30/12/16,26/12/31,5474,4287,3000000000,0,53571428.58,52488125,106059553.6,2517857143,-53571428.58,8.22,,8.22
288,2020,1,Marzo,P09-1217133,Largo Plazo,Banca Comercial,HSBC,"HSBC 2,500",29/12/17,26/12/24,2554,1731,2500000000,0,89285714.28,32767013.89,122052728.2,1696428571,-89285714.28,7.46,,7.46
289,2020,1,Marzo,P09-1217134,Largo Plazo,Banca de Desarrollo,BANOBRAS,"BANOBRAS 1,378",29/12/17,27/12/32,5477,4654,1378859929,0,22980998.82,23183107.24,46164106.06,1172030940,-22980998.82,TIIE,0.34,TIIE+0.34
290,2020,1,Marzo,P09-1218138,Largo Plazo,Banca Comercial,SANTANDER,"SANTANDER 2,400",31/12/18,26/12/28,3648,3192,2400000000,0,66666666.66,56787129.62,123453796.3,2333333333,-66666666.66,9.55,,9.55
291,2020,1,Marzo,P09-1218139,Largo Plazo,Banca Comercial,HSBC,"HSBC 1,170",31/12/18,26/12/28,3648,3192,1170915400,0,32525427.78,28053515.75,60578943.53,1138389972,-32525427.78,9.67,,9.67
292,2020,1,Marzo,P09-1218140,Largo Plazo,Banca Comercial,BANCOMER,"BANCOMER 3,000-18",31/12/18,26/12/28,3648,3192,3000000000,0,83333333.34,67787777.78,151121111.1,2916666667,-83333333.34,9.12,,9.12
293,2020,2,Junio,224/2007,Largo Plazo,Banca Comercial,BANCOMER,"BANCOMER 3,457",30/08/07,27/07/37,10924,6236,3457974221,0,10536399.47,122853294.5,133389694,3360479862,-10536399.47,TIIE,0.35,TIIE+0.35
294,2020,2,Junio,225/2007,Largo Plazo,Banca Comercial,BANCOMER,BANCOMER 7000,31/08/07,27/08/40,12050,7363,7000000000,0,62299798.1,280527156.6,342826954.7,6191276424,-62299798.1,8.91,,8.91
295,2020,2,Junio,233/2007,Largo Plazo,Banca Comercial,HSBC,"HSBC 7,000",07/09/07,25/09/47,14628,9948,7000000000,0,0,261782208.3,261782208.3,7000000000,0,TIIE,0.53,TIIE+0.53
296,2020,2,Junio,262/2007,Largo Plazo,Banca de Desarrollo,BANOBRAS,"BANOBRAS 4,000",17/10/07,25/10/47,14618,9978,4000000000,0,708726660.5,137127126.2,845853786.7,2954496892,-708726660.5,TIIE,0.53,TIIE+0.53
297,2020,2,Junio,329/2007,Largo Plazo,Mercado de Capitales,CI BANCO,BONO GDFCB 07,17/12/07,22/11/27,7280,2701,575000000,0,0,25145069.44,25145069.44,575000000,0,8.65,,8.65
298,2020,2,Junio,562/2010,Largo Plazo,Banca de Desarrollo,BANOBRAS,"BANOBRAS  1,499",28/12/10,25/10/40,10894,7422,1499069398,0,18055556.02,53333202.74,71388758.76,1144902729,-18055556.02,9.13,,9.13
299,2020,2,Junio,P09-0915121,Largo Plazo,Mercado de Capitales,EVERCORE,BONO GDFECB 15-2,25/09/15,12/09/25,3640,1900,2500000000,0,0,84680555.56,84680555.56,2500000000,0,6.7,,6.7
300,2020,2,Junio,P09-0917056,Largo Plazo,Mercado de Capitales,EVERCORE,BONO GCDMXCB 17X,19/09/17,07/03/28,3822,2807,2000000000,0,0,76844444.44,76844444.44,2000000000,0,7.6,,7.6
301,2020,2,Junio,P09-1012161,Largo Plazo,Bonos Cupón Cero,BANOBRAS,BANOBRAS 196,07/11/13,25/11/32,6958,4531,196783977,0,0,8535832.97,8535832.97,196783977,0,7.7,0.88,8.58
302,2020,2,Junio,P09-1012161,Largo Plazo,Bonos Cupón Cero,BANOBRAS,BANOBRAS 294,30/11/12,25/11/32,7300,4531,294874160,0,0,11776946.33,11776946.33,294874160,0,7.02,0.88,7.9
303,2020,2,Junio,P09-1112186,Largo Plazo,Mercado de Capitales,EVERCORE,BONO GDFECB 12,30/11/12,12/11/27,5460,2691,2500000000,0,0,86576388.89,86576388.89,2500000000,0,6.85,,6.85
304,2020,2,Junio,P09-1118104,Largo Plazo,Mercado de Capitales,EVERCORE,BONO GCDMXCB 18V,21/11/18,08/11/28,3640,3053,1100000000,0,0,55221833.33,55221833.33,1100000000,0,9.93,,9.93
305,2020,2,Junio,P09-1212219,Largo Plazo,Banca de Desarrollo,BANOBRAS,"BANOBRAS 1,954",28/12/12,25/11/27,5445,2704,1954226708,0,70211738.04,37653826.96,107865565,1041474114,-70211738.04,5.97,0.91,6.88
306,2020,2,Junio,P09-1212219,Largo Plazo,Banca de Desarrollo,BANOBRAS,BANOBRAS 145,31/12/12,25/11/27,5442,2704,145773291.7,0,5237363.76,2804661.4,8042025.16,77687562.86,-5237363.76,5.96,0.91,6.87
307,2020,2,Junio,P09-1213189,Largo Plazo,Banca de Desarrollo,BANOBRAS,"BANOBRAS 1,024",31/12/13,25/10/23,3585,1212,1024317877,0,32007885,21871307.62,53879192.62,581771581.6,-32007885,TIIE,0.32,TIIE+0.32
308,2020,2,Junio,P09-1213198,Largo Plazo,Banca Comercial,BANAMEX,"BANAMEX 3,500",31/12/13,26/12/23,3647,1274,3500000000,0,218750000,48149730.89,266899730.9,1531250000,-218750000,5.74,,5.74
309,2020,2,Junio,P09-1214244,Largo Plazo,Banca de Desarrollo,BANOBRAS,"BANOBRAS 1,949",31/12/14,26/11/29,5444,3436,1949386371,0,75460117.62,53663423.35,129123541,1421165548,-75460117.62,TIIE,0.36,TIIE+0.36
310,2020,2,Junio,P09-1215162,Largo Plazo,Banca de Desarrollo,BANOBRAS,"BANOBRAS 1,000",29/12/15,26/12/25,3650,2005,1000000000,0,27777777.78,28897888.95,56675666.73,767736050.3,-27777777.78,TIIE,0.41,TIIE+0.41
311,2020,2,Junio,P09-1216054,Largo Plazo,Mercado de Capitales,EVERCORE,BONO GCDMXCB 16V,09/12/16,03/12/21,1820,521,1000000000,0,0,40358888.88,40358888.88,1000000000,0,TIIE,0.42,TIIE+0.42
312,2020,2,Junio,P09-1218140,Largo Plazo,Banca Comercial,BANCOMER,"BANCOMER 3,000-18",31/12/18,26/12/28,3648,3101,3000000000,0,166666666.7,135132222.2,301798888.9,2833333333,-166666666.7,9.12,,9.12
313,2020,2,Junio,P09-1219070,Largo Plazo,Banca Comercial,BANCOMER,"BANCOMER 2,000",30/12/19,28/12/26,2555,2372,2000000000,0,0,69925027.78,69925027.78,2000000000,0,TIIE,0.22,TIIE+0.22
314,2020,2,Junio,P09-1219071,Largo Plazo,Banca Comercial,BANCOMER,"BANCOMER 3,421",30/12/19,26/12/29,3649,3466,3421287307,0,0,114016300.2,114016300.2,3421287307,0,6.74,,6.74
315,2020,3,Septiembre,224/2007,Largo Plazo,Banca Comercial,BANCOMER,"BANCOMER 3,457",30/08/07,27/07/37,10924,6144,3457974221,0,16217960.8,170614175.1,186832135.9,3354798301,-16217960.8,TIIE,0.35,TIIE+0.35
316,2020,3,Septiembre,233/2007,Largo Plazo,Banca Comercial,HSBC,"HSBC 7,000",07/09/07,25/09/47,14628,9856,7000000000,0,0,364541741.7,364541741.7,7000000000,0,TIIE,0.53,TIIE+0.53
317,2020,3,Septiembre,P09-1213198,Largo Plazo,Banca Comercial,BANAMEX,"BANAMEX 3,500",31/12/13,26/12/23,3647,1182,3500000000,0,328125000.1,70082476.84,398207476.9,1421875000,-328125000.1,5.74,,5.74
318,2020,3,Septiembre,P09-1214242,Largo Plazo,Banca Comercial,BANCOMER,BANCOMER 2500,26/12/14,26/12/24,3653,1548,2500000000,0,234375000,63822337.96,298197338,1328125000,-234375000,5.75,,5.75
319,2020,3,Septiembre,P09-1216082,Largo Plazo,Banca Comercial,BANCOMER,"BANCOMER 3,000-15",30/12/16,26/12/31,5474,4104,3000000000,0,160714285.7,156408333.3,317122619.1,2410714286,-160714285.7,8.22,,8.22
320,2020,3,Septiembre,P09-1219071,Largo Plazo,Banca Comercial,BANCOMER,"BANCOMER 3,421",30/12/19,26/12/29,3649,3374,3421287307,0,0,172946073.4,172946073.4,3421287307,0,6.74,,6.74
321,2020,3,Septiembre,262/2007,Largo Plazo,Banca de Desarrollo,BANOBRAS,"BANOBRAS 4,000",17/10/07,25/10/47,14618,9886,4000000000,0,708726660.5,180534676.6,889261337.1,2954496892,-708726660.5,TIIE,0.53,TIIE+0.53
322,2020,3,Septiembre,260/2007,Largo Plazo,Banca de Desarrollo,BANOBRAS,"BANOBRAS  4,806",17/10/07,26/10/37,10967,6235,4806995489,0,21377692.14,237150460.8,258528152.9,4659384596,-21377692.14,TIIE,0.35,TIIE+0.35
323,2020,3,Septiembre,261/2007,Largo Plazo,Banca de Desarrollo,BANOBRAS,"BANOBRAS  4,459",17/10/07,25/10/40,12062,7330,4459000000,0,29782948.42,213962510.7,243745459.1,4200660162,-29782948.42,TIIE,0.35,TIIE+0.35
324,2020,3,Septiembre,P09-1212219,Largo Plazo,Banca de Desarrollo,BANOBRAS,BANOBRAS 145,31/12/12,25/11/27,5442,2612,145773291.7,0,7856045.64,4153437.51,12009483.15,75068880.98,-7856045.64,5.96,0.91,6.87
325,2020,3,Septiembre,P09-1213189,Largo Plazo,Banca de Desarrollo,BANOBRAS,"BANOBRAS 1,024",31/12/13,25/10/23,3585,1120,1024317877,0,48011827.5,30035843.48,78047670.98,565767639.1,-48011827.5,TIIE,0.32,TIIE+0.32
326,2020,3,Septiembre,P09-1215162,Largo Plazo,Banca de Desarrollo,BANOBRAS,"BANOBRAS 1,000",29/12/15,26/12/25,3650,1913,1000000000,0,41666666.67,39879682.18,81546348.85,753847161.4,-41666666.67,TIIE,0.41,TIIE+0.41
327,2020,3,Septiembre,P09-1219069,Largo Plazo,Banca de Desarrollo,BANOBRAS,"BANOBRAS 2,000",30/12/19,28/12/26,2555,2280,2000000000,0,0,97266199.98,97266199.98,2000000000,0,TIIE,0.2,TIIE+0.20
328,2020,3,Septiembre,P09-1012161,Largo Plazo,Bonos Cupón Cero,BANOBRAS,"BANOBRAS 2,138",12/11/12,25/11/32,7318,4439,2138648319,0,0,129731595.2,129731595.2,2138648319,0,7.09,0.88,7.97
329,2020,3,Septiembre,P09-1012161,Largo Plazo,Bonos Cupón Cero,BANOBRAS,BANOBRAS 294,30/11/12,25/11/32,7300,4439,294874160,0,0,17730127.99,17730127.99,294874160,0,7.02,0.88,7.9
330,2020,3,Septiembre,P09-1118104,Largo Plazo,Mercado de Capitales,EVERCORE,BONO GCDMXCB 18V,21/11/18,08/11/28,3640,2961,1100000000,0,0,55221833.33,55221833.33,1100000000,0,9.93,,9.93
331,2020,4,Diciembre,224/2007,Largo Plazo,Banca Comercial,BANCOMER,"BANCOMER 3,457",30/08/07,27/07/37,10924,6052,3457974221,0," 22,194,235.58 ",213762014.45,235956250.03,3348822026.05,-22194235.58,TIIE,0.35,TIIE+0.35
332,2020,4,Diciembre,225/2007,Largo Plazo,Banca Comercial,BANCOMER,BANCOMER 7000,31/08/07,27/08/40,12050,7179,7000000000,0," 127,043,647.47 ",564283753.49,691327400.96,6126532574.72,-127043647.47,8.91,n/a,8.91
333,2020,4,Diciembre,226/2007,Largo Plazo,Banca Comercial,BANCOMER,"BANCOMER 4,700",31/08/07,27/07/37,10923,6052,4700000000,0," 30,165,900.77 ",414687935.81,444853836.58,4551642817.12,-30165900.77,8.8,n/a,8.8
334,2020,4,Diciembre,233/2007,Largo Plazo,Banca Comercial,HSBC,"HSBC 7,000",07/09/07,25/09/47,14628,9764,7000000000,0, -   ,457915616.68,457915616.68,7000000000,0.00,TIIE,0.53,TIIE+0.53
335,2020,4,Diciembre,721/2011,Largo Plazo,Banca Comercial,BANAMEX,"BANAMEX 1,500",29/12/11,28/12/26,5478,2188,1500000000,0," 80,838,324.00 ",48604257.46,129442581.46,853293408,-80838324.00,TIIE,TIIE-1.815,TIIE+TIIE-1.815
336,2020,4,Diciembre,P09-1213198,Largo Plazo,Banca Comercial,BANAMEX,"BANAMEX 3,500",31/12/13,26/12/23,3647,1090,3500000000,0," 437,500,000.08 ",90835167.81,528335167.89,1312499999.60,-437500000.08,5.74,n/a,5.74
337,2020,4,Diciembre,P09-1214242,Largo Plazo,Banca Comercial,BANCOMER,BANCOMER 2500,26/12/14,26/12/24,3653,1456,2500000000,0," 312,500,000.04 ",83363353.58,395863353.62,1249999999.84,-312500000.04,5.75,n/a,5.75
338,2020,4,Diciembre,P09-1215163,Largo Plazo,Banca Comercial,SANTANDER,"SANTANDER 3,500",30/12/15,26/12/22,2553,725,3500000000,0," 699,999,999.96 ",115822580.58,815822580.54,1400000000.12,-699999999.96,TIIE,0.38,TIIE+0.38
339,2020,4,Diciembre,P09-1216082,Largo Plazo,Banca Comercial,BANCOMER,"BANCOMER 3,000-15",30/12/16,26/12/31,5474,4012,3000000000,0," 214,285,714.32 ",207758869.04,422044583.36,2357142857.04,-214285714.32,8.22,n/a,8.22
340,2020,4,Diciembre,P09-1216083,Largo Plazo,Banca Comercial,BANCOMER,"BANCOMER 3,000-7",30/12/16,26/12/23,2552,1090,3000000000,0," 500,000,000.04 ",137993495.35,637993495.39,1499999999.88,-500000000.04,7.63,n/a,7.63
341,2020,4,Diciembre,P09-1217133,Largo Plazo,Banca Comercial,HSBC,"HSBC 2,500",29/12/17,26/12/24,2554,1456,2500000000,0," 357,142,857.12 ",123605588.62,480748445.74,1428571428.64,-357142857.12,7.46,n/a,7.46
342,2020,4,Diciembre,P09-1218140,Largo Plazo,Banca Comercial,BANCOMER,"BANCOMER 3,000-18",31/12/18,26/12/28,3648,2917,3000000000,0," 333,333,333.36 ",265338518.52,598671851.88,2666666666.64,-333333333.36,9.12,n/a,9.12
343,2020,4,Diciembre,P09-1218139,Largo Plazo,Banca Comercial,HSBC,"HSBC 1,170",31/12/18,26/12/28,3648,2917,1170915400,0," 130,101,711.12 "," 109,808,560.65 ",239910271.77,1040813688.79,-130101711.12,9.67,n/a,9.67
344,2020,4,Diciembre,P09-1218138,Largo Plazo,Banca Comercial,SANTANDER,"SANTANDER 2,400",31/12/18,26/12/28,3648,2917,2400000000,0," 266,666,666.64 "," 222,279,197.51 ",488945864.15,2133333333.36,-266666666.64,9.55,n/a,9.55
345,2020,4,Diciembre,P09-1219070,Largo Plazo,Banca Comercial,BANCOMER,"BANCOMER 2,000",30/12/19,28/12/26,2555,2188,2000000000,0, -   ,122759811,122759811.11,2000000000,0.00,TIIE,0.22,TIIE+0.22
346,2020,4,Diciembre,P09-1219071,Largo Plazo,Banca Comercial,BANCOMER,"BANCOMER 3,421",30/12/19,26/12/29,3649,3282,3421287307,0, -   ,233156928.55,233156928.55,3421287307.47,0.00,6.74,n/a,6.74
347,2020,4,Diciembre,P09-1219072,Largo Plazo,Banca Comercial,BANCOMER,BANCOMER 500-19,30/12/19,26/12/29,3649,3282,500000000,0, -   ,35843888.87,35843888.87,500000000,0.00,7.09,n/a,7.09
348,2020,4,Diciembre,262/2007,Largo Plazo,Banca de Desarrollo,BANOBRAS,"BANOBRAS 4,000",17/10/07,25/10/47,14618,9794,4000000000,0," 708,726,660.46 ",219951973.77,928678634.23,2954496892,-708726660.46,TIIE,0.53,TIIE+0.53
349,2020,4,Diciembre,260/2007,Largo Plazo,Banca de Desarrollo,BANOBRAS,"BANOBRAS  4,806",17/10/07,26/10/37,10967,6143,4806995489,0," 29,255,315.44 ",297089941.15,326345256.59,4651506972.39,-29255315.44,TIIE,0.35,TIIE+0.35
350,2020,4,Diciembre,261/2007,Largo Plazo,Banca de Desarrollo,BANOBRAS,"BANOBRAS  4,459",17/10/07,25/10/40,12062,7238,4459000000,0," 40,378,987.66 ",267941089.13,308320076.79,4190064123.21,-40378987.66,TIIE,0.35,TIIE+0.35
351,2020,4,Diciembre,514/2008,Largo Plazo,Banca de Desarrollo,BANOBRAS,BANOBRAS  175,24/12/09,27/11/28,6913,2888,174978799.6,0," 9,687,716.64 ",5243723.94,14931440.58,76694423.09,-9687716.64,TIIE,0.35,TIIE+0.35
352,2020,4,Diciembre,562/2010,Largo Plazo,Banca de Desarrollo,BANOBRAS,"BANOBRAS  1,499",28/12/10,25/10/40,10894,7238,1499069398,0," 36,111,110.96 ",106982240.51,143093351.47,1126847174.06,-36111110.96,9.13,n/a,9.13
353,2020,4,Diciembre,P09-1212219,Largo Plazo,Banca de Desarrollo,BANOBRAS,"BANOBRAS 1,954",28/12/12,25/11/27,5445,2520,1954226708,0," 140,423,476.08 ",73625900.78,214049376.86,971262375.70,-140423476.08,5.97,0.91,6.88
354,2020,4,Diciembre,P09-1212219,Largo Plazo,Banca de Desarrollo,BANOBRAS,BANOBRAS 145,31/12/12,25/11/27,5442,2520,145773291.7,0," 10,474,727.52 ",5484056.70,15958784.22,72450199.10,-10474727.52,5.96,0.91,6.87
355,2020,4,Diciembre,P09-1213189,Largo Plazo,Banca de Desarrollo,BANOBRAS,"BANOBRAS 1,024",31/12/13,25/10/23,3585,1028,1024317877,0," 86,397,115.62 ",37155825.76,123552941.38,527382350.94,-86397115.62,TIIE,0.32,TIIE+0.32
356,2020,4,Diciembre,P09-1214244,Largo Plazo,Banca de Desarrollo,BANOBRAS,"BANOBRAS 1,949",31/12/14,26/11/29,5444,3252,1949386371,0," 150,920,235.24 ",91437892.36,242358127.60,1345705430.44,-150920235.24,TIIE,0.36,TIIE+0.36
357,2020,4,Diciembre,P09-1215162,Largo Plazo,Banca de Desarrollo,BANOBRAS,"BANOBRAS 1,000",29/12/15,26/12/25,3650,1821,1000000000,0," 75,200,331.91 ",49640263.74,124840595.65,720313496.17,-75200331.91,TIIE,0.41,TIIE+0.41
358,2020,4,Diciembre,P09-1217134,Largo Plazo,Banca de Desarrollo,BANOBRAS,"BANOBRAS 1,378",29/12/17,27/12/32,5477,4379,1378859929,0," 91,923,995.28 ",73521164.48,165445159.76,1103087943.16,-91923995.28,TIIE,0.34,TIIE+0.34
359,2020,4,Diciembre,P09-1219069,Largo Plazo,Banca de Desarrollo,BANOBRAS,"BANOBRAS 2,000",30/12/19,28/12/26,2555,2188,2000000000,0, -   ,121928922.20,121928922.20,2000000000,0.00,TIIE,0.2,TIIE+0.20
360,2020,4,Diciembre,P09-0720076,Largo Plazo,Banca de Desarrollo,BANOBRAS,"BANOBRAS 2,000-20",31/07/20,31/07/30,3652,3493,2000000000,2000000000," 83,333,333.35 ",42165591.89,125498925.24,1916666666.65,1916666666.65,TIIE,0.46,TIIE+0.46
361,2020,4,Diciembre,P09-0720077,Largo Plazo,Banca de Desarrollo,BANOBRAS,"BANOBRAS 2,300-20",31/07/20,31/07/30,3652,3493,2300000000,2300000000," 95,833,333.35 ",49526149.42,145359482.77,2204166666.65,2204166666.65,TIIE,0.57,TIIE+0.57
362,2020,4,Diciembre,P09-1220098,Largo Plazo,Banca de Desarrollo,BANOBRAS,"BANOBRAS 2,500",11/12/20,25/11/30,3636,3616,2500000000,2500000000, -   ,0.00,0.00,2500000000.00,2500000000.00,TIIE,0.53,TIIE+0.53
363,2020,4,Diciembre,P09-1220099,Largo Plazo,Banca de Desarrollo,BANOBRAS,"BANOBRAS 2,683",11/12/20,25/11/30,3636,3616,2683529136,2683529136, -   ,0.00,0.00,2683529136.16,2683529136.16,TIIE,0.64,TIIE+0.64
364,2020,4,Diciembre,P09-1012161,Largo Plazo,Bonos Cup_n Cero,BANOBRAS,"BANOBRAS 2,138",12/11/12,25/11/32,7318,4347,2138648319,0, -   ,174238054.88,174238054.88,2138648319,0.00,7.09,0.88,7.97
365,2020,4,Diciembre,P09-1012161,Largo Plazo,Bonos Cup_n Cero,BANOBRAS,BANOBRAS 294,30/11/12,25/11/32,7300,4347,294874160,0, -   ,23812726.63,23812726.63,294874160,0.00,7.02,0.88,7.9
366,2020,4,Diciembre,P09-1012161,Largo Plazo,Bonos Cup_n Cero,BANOBRAS,BANOBRAS 196,07/11/13,25/11/32,6958,4347,196783977,0, -   ,17259266.68,17259266.68,196783977,0.00,7.7,0.88,8.58
367,2020,4,Diciembre,329/2007,Largo Plazo,Mercado de Capitales,CI BANCO,BONO GDFCB 07,17/12/07,22/11/27,7280,2517,575000000,0, -   ,50290138.88,50290138.88,575000000,0.00,8.65,n/a,8.65
368,2020,4,Diciembre,145/2010,Largo Plazo,Mercado de Capitales,CI BANCO,BONO GDFCB10-2,25/06/10,12/06/20,3640,0,2520951200,0," 840,317,066.67 ",100683989.87,941001056.54,0.00,-840317066.67,7.09,n/a,7.09
369,2020,4,Diciembre,P09-1112186,Largo Plazo,Mercado de Capitales,EVERCORE,BONO GDFECB 12,30/11/12,12/11/27,5460,2507,2500000000,0, -   ,173152777.78,173152777.78,2500000000,0.00,6.85,n/a,6.85
370,2020,4,Diciembre,P09-1113146,Largo Plazo,Mercado de Capitales,EVERCORE,BONO GDFECB 13,28/11/13,16/11/23,3640,1050,2126874900,0, -   ,151610732.46,151610732.46,2126874900,0.00,7.05,n/a,7.05
371,2020,4,Diciembre,P09-1014157,Largo Plazo,Mercado de Capitales,EVERCORE,BONO GDFECB 14,03/11/14,21/10/24,3640,1390,2500000000,0, -   ,162283333.34,162283333.34,2500000000,0.00,6.42,n/a,6.42
372,2020,4,Diciembre,P09-0915121,Largo Plazo,Mercado de Capitales,EVERCORE,BONO GDFECB 15-2,25/09/15,12/09/25,3640,1716,2500000000,0, -   ,169361111.12,169361111.12,2500000000,0.00,6.7,n/a,6.7
373,2020,4,Diciembre,P09-0915121,Largo Plazo,Mercado de Capitales,EVERCORE,BONO GDFECB 15,25/09/15,18/09/20,1820,0,1382000000,0," 460,666,666.64 ",70512711.11,531179377.75,0,-460666666.64,TIIE,0.12,TIIE+0.12
374,2020,4,Diciembre,P09-1216054,Largo Plazo,Mercado de Capitales,EVERCORE,BONO GCDMXCB 16V,09/12/16,03/12/21,1820,337,1000000000,0, -   ,65527777.76,65527777.76,1000000000,0.00,TIIE,0.42,TIIE+0.42
375,2020,4,Diciembre,P09-0917056,Largo Plazo,Mercado de Capitales,EVERCORE,BONO GCDMXCB 17X,19/09/17,07/03/28,3822,2623,2000000000,0, -   ,153688888.88,153688888.88,2000000000,0.00,7.6,n/a,7.6
376,2020,4,Diciembre,P09-1118104,Largo Plazo,Mercado de Capitales,EVERCORE,BONO GCDMXCB 18V,21/11/18,08/11/28,3640,2869,1100000000,0, -   ,110443666.66,110443666.66,1100000000,0.00,9.93,n/a,9.93
377,2020,4,Diciembre,P09-1219057,Largo Plazo,Mercado de Capitales,CI BANCO,BONO CDMXCB 19,03/12/19,20/11/29,3640,3246,1500000000,0, -   ,118603333.34,177905000.01,1500000000,0.00,7.82,n/a,7.82